Player,Team,Position,Salary,Minutes,Max Minutes,MIN_CUM_AVG,MIN_LAST_3_AVG,MIN_LAST_5_AVG,MIN_LAST_10_AVG,MIN_TREND,MIN_CONSISTENCY,MIN_CONSISTENCY_SCORE,MIN_ABOVE_20,MIN_ABOVE_25,MIN_ABOVE_30,MIN_ABOVE_AVG_STREAK,FREQ_ABOVE_20,FREQ_ABOVE_25,FREQ_ABOVE_30,Projected Pts,DK,DK_CUM_AVG,DK_LAST_3_AVG,DK_LAST_5_AVG,DK_LAST_10_AVG,DK_TREND,DK_TREND_5,DK_CONSISTENCY,PTS_LAST_3_AVG,PTS_LAST_5_AVG,PTS_LAST_10_AVG,REB_LAST_3_AVG,REB_LAST_5_AVG,REB_LAST_10_AVG,AST_LAST_3_AVG,AST_LAST_5_AVG,AST_LAST_10_AVG,PTS_CUM_AVG,REB_CUM_AVG,AST_CUM_AVG,PTS_PER_MIN,REB_PER_MIN,AST_PER_MIN,SCORING_EFFICIENCY,RECENT_SCORING_EFF,FG_PCT,FG3_PCT,FT_PCT,FGM,FGA,FG3M,FG3A,FTM,FTA,PLUS_MINUS,PLUS_MINUS_PER_MIN,PLUS MINUS_LAST_3_AVG,PLUS MINUS_LAST_5_AVG,PLUS MINUS_LAST_10_AVG,PLUS MINUS_CUM_AVG,PLUS MINUS_TREND,PLUS MINUS_CONSISTENCY,PTS_TREND,REB_TREND,AST_TREND,PTS_CONSISTENCY,REB_CONSISTENCY,AST_CONSISTENCY,TEAM_MIN_PERCENTAGE,TEAM_PROJ_RANK,PTS_VS_TEAM_AVG,REB_VS_TEAM_AVG,AST_VS_TEAM_AVG,MIN_VS_TEAM_AVG,ROLE_CHANGE_3_10,ROLE_CHANGE_5_10,IS_TOP_3_PROJ,LOW_MIN_TOP_PLAYER,GAME_DATE,IS_HOME,IS_B2B,DAYS_REST,MATCHUP,WL,BLOWOUT_GAME,STL,BLK,TOV,OREB,DREB,PF,PLAYER_ID,TEAM_ID,TEAM_NAME,GAME_ID,SEASON_ID,VIDEO_AVAILABLE
Cade Cunningham,DET,PG,10500,36.0,40.0,35.688,37.667,36.6,36.1,1.0,1.853,0.051,1.0,1.0,1.0,3.0,1.0,1.0,1.0,56.744499999999995,50.0,48.108,58.7,56.08,52.45,1.0,-0.1,9.092,29.0,29.8,29.9,7.667,6.4,6.0,11.667,10.8,9.9,25.458,6.375,9.5,0.514,0.27,0.324,0.514,0.768,0.412,0.2,1.0,7.0,17.0,1.0,5.0,4.0,4.0,5.0,0.135,7.0,8.8,1.7,0.979,1.0,11.926,1.0,1.0,1.0,7.047,2.261,3.381,15.353,1.0,1.696,2.174,3.871,1.535,1.567,0.5,1.0,0.0,2025-02-09,1.0,0.0,4.0,DET vs. CHA,W,0.0,1.0,1.0,5.0,1.0,9.0,3.0,1630595.0,1610612765.0,Detroit Pistons,22400752.0,22024.0,1.0
Joel Embiid,PHI,C,10000,34.0,40.0,29.875,32.0,31.2,30.3,1.0,6.29,0.208,1.0,1.0,0.0,3.0,0.9,0.9,0.6,53.031,51.4,43.6,50.333,50.84,48.19,1.0,0.62,12.703,26.333,27.0,27.4,10.0,11.2,8.7,7.333,6.0,4.9,24.75,8.312,4.5,0.9,0.4,0.2,0.9,0.824,0.5,0.571,0.9,7.0,14.0,4.0,7.0,9.0,10.0,-6.0,-0.2,-12.333,-8.0,-0.5,-1.938,0.0,18.368,1.0,1.0,1.0,7.589,3.622,3.035,12.5,2.0,2.339,3.143,2.357,1.375,1.7,0.9,1.0,1.0,2025-02-09,0.0,0.0,2.0,PHI @ MIL,L,0.0,1.0,1.0,5.0,2.0,10.0,4.0,203954.0,1610612755.0,Philadelphia 76ers,22400754.0,22024.0,2.0
Tyrese Maxey,PHI,PG,9800,38.0,40.0,38.133,39.0,39.4,39.3,1.0,1.829,0.047,1.0,1.0,1.0,2.0,1.0,1.0,1.0,42.46600000000001,53.3,45.911,49.833,50.88,52.43,1.0,-1.12,5.838,32.333,32.8,33.9,3.333,3.4,3.4,5.667,7.2,7.1,28.089,3.444,6.178,0.975,0.1,0.125,0.975,0.828,0.696,0.5,0.667,16.0,23.0,5.0,10.0,2.0,3.0,-1.0,-0.025,-11.667,-3.4,1.6,-0.889,0.0,12.411,1.0,0.0,1.0,5.567,0.843,2.961,16.667,1.0,3.378,1.048,1.964,1.833,0.3,0.1,1.0,0.0,2025-02-09,0.0,0.0,2.0,PHI @ MIL,L,0.0,1.0,1.0,4.0,1.0,3.0,1.0,1630178.0,1610612755.0,Philadelphia 76ers,22400754.0,22024.0,2.0
Devin Booker,PHX,PG/SG,9500,36.0,40.0,37.085,38.0,39.2,38.5,1.0,5.817,0.151,1.0,1.0,1.0,0.0,1.0,1.0,1.0,47.319,34.9,42.466,41.5,42.28,43.72,0.0,-3.92,13.215,30.0,32.2,29.6,5.0,4.4,4.6,5.667,5.2,6.6,26.362,4.085,6.617,0.706,0.206,0.088,0.706,0.759,0.421,0.375,1.0,8.0,19.0,3.0,8.0,5.0,5.0,-18.0,-0.529,-16.333,-12.4,-1.5,-1.0,0.0,19.133,1.0,1.0,0.0,8.682,1.897,2.951,14.286,1.0,2.743,1.953,1.44,1.714,0.5,0.7,1.0,0.0,2025-02-08,1.0,1.0,1.0,PHX vs. DEN,L,0.0,0.0,0.0,2.0,3.0,4.0,3.0,1626164.0,1610612756.0,Phoenix Suns,22400749.0,22024.0,1.0
Karl-Anthony Towns,NYK,C,9400,37.0,40.0,34.574,35.0,34.0,35.0,0.0,5.121,0.146,1.0,1.0,0.0,0.0,1.0,1.0,0.7,53.3085,25.3,47.936,40.367,35.46,40.24,0.0,-3.48,12.602,19.333,16.6,18.9,12.667,10.8,11.7,1.667,2.6,3.2,24.0,13.511,3.277,0.321,0.321,0.036,0.321,0.531,0.375,1.0,0.5,3.0,8.0,2.0,2.0,1.0,2.0,-26.0,-0.929,1.0,-2.6,3.0,6.447,0.0,15.521,0.0,0.0,0.0,6.74,4.165,2.098,11.715,2.0,0.865,3.0,0.625,1.172,0.0,1.0,1.0,1.0,2025-02-08,1.0,0.0,4.0,NYK vs. BOS,L,1.0,1.0,1.0,2.0,1.0,8.0,4.0,1626157.0,1610612752.0,New York Knicks,22400748.0,22024.0,1.0
Scottie Barnes,TOR,PG/SF,9200,34.0,40.0,34.55,34.667,34.0,34.0,0.0,3.127,0.092,1.0,1.0,1.0,1.0,1.0,1.0,0.9,45.137,45.3,43.53,45.067,41.04,43.93,0.0,0.76,8.163,15.667,17.0,19.9,5.333,5.2,6.9,6.667,6.0,5.7,19.85,7.775,6.4,0.395,0.237,0.184,0.395,0.452,0.316,0.0,0.75,6.0,19.0,0.0,8.0,3.0,4.0,-4.0,-0.105,-12.333,-10.0,0.8,-3.4,0.0,16.831,0.0,0.0,0.0,4.701,3.479,1.947,15.966,1.0,1.724,1.875,3.684,1.597,0.667,0.0,1.0,0.0,2025-02-09,0.0,0.0,2.0,TOR @ HOU,L,0.0,2.0,1.0,0.0,0.0,9.0,2.0,1630567.0,1610612761.0,Toronto Raptors,22400753.0,22024.0,1.0
Kevin Durant,PHX,PF/C,9000,36.0,40.0,36.231,36.0,37.6,35.9,1.0,5.507,0.153,1.0,1.0,1.0,1.0,1.0,1.0,0.8,47.411500000000004,45.5,43.882,35.3,41.42,43.17,0.0,0.7,12.492,22.667,25.0,26.0,4.0,3.6,5.1,3.667,4.6,3.9,26.923,6.077,4.154,0.587,0.109,0.109,0.587,0.636,0.476,0.222,0.833,10.0,21.0,2.0,9.0,5.0,6.0,-4.0,-0.087,-3.333,-3.0,3.2,0.051,0.0,14.816,0.0,0.0,1.0,5.27,2.234,1.663,17.293,2.0,2.042,1.047,1.607,1.556,0.1,1.7,1.0,0.0,2025-02-03,0.0,0.0,2.0,PHX @ POR,L,0.0,1.0,2.0,4.0,0.0,5.0,1.0,201142.0,1610612756.0,Phoenix Suns,22400709.0,22024.0,1.0
Ja Morant,MEM,PG,8600,31.0,40.0,28.548,30.0,28.6,30.3,1.0,3.945,0.13,1.0,1.0,1.0,1.0,1.0,0.9,0.4,40.50950000000001,37.5,37.871,42.2,32.66,35.93,0.0,-1.96,12.368,22.333,17.6,18.5,4.333,3.8,3.9,7.333,6.2,7.1,20.516,4.194,7.484,0.444,0.139,0.194,0.444,0.782,0.316,0.5,0.5,6.0,19.0,2.0,4.0,2.0,4.0,-12.0,-0.333,4.333,-0.8,4.9,6.258,0.0,19.278,0.0,0.0,0.0,6.654,1.287,3.784,14.938,3.0,2.0,1.75,4.667,2.091,0.3,1.7,1.0,0.0,2025-02-08,1.0,0.0,3.0,MEM vs. OKC,L,0.0,0.0,2.0,1.0,1.0,4.0,2.0,1629630.0,1610612763.0,Memphis Grizzlies,22400746.0,22024.0,1.0
Jalen Brunson,NYK,PG,8400,37.0,40.0,35.333,35.667,36.6,35.8,1.0,4.211,0.118,1.0,1.0,1.0,1.0,1.0,0.9,0.9,45.971500000000006,41.5,41.539,50.8,48.72,43.2,1.0,1.26,13.467,35.333,30.6,27.5,2.333,2.6,2.0,6.667,8.4,7.4,26.275,2.843,7.471,1.0,0.0,0.139,1.0,0.986,0.556,0.429,1.0,10.0,18.0,3.0,7.0,13.0,13.0,-19.0,-0.528,-2.0,-1.4,-0.9,3.706,0.0,13.404,1.0,0.0,1.0,8.276,1.826,3.502,15.063,1.0,3.462,0.0,3.125,1.506,0.133,0.8,1.0,0.0,2025-02-08,1.0,0.0,4.0,NYK vs. BOS,L,0.0,0.0,0.0,2.0,0.0,0.0,1.0,1628973.0,1610612752.0,New York Knicks,22400748.0,22024.0,1.0
Tyrese Haliburton,IND,PG,8200,34.0,40.0,34.12,31.667,32.8,32.0,0.0,3.432,0.107,1.0,1.0,1.0,1.0,1.0,0.9,0.7,42.903999999999996,42.9,39.182,34.967,38.16,38.1,0.0,-1.9,11.393,11.0,13.6,16.5,2.333,2.8,3.5,7.667,7.6,7.4,17.8,3.56,8.54,0.528,0.056,0.25,0.528,0.313,0.467,0.444,1.0,7.0,15.0,4.0,9.0,1.0,1.0,-9.0,-0.25,-8.333,-4.8,-0.7,1.24,0.0,13.557,0.0,0.0,0.0,8.631,1.581,1.647,15.0,2.0,1.624,0.526,3.333,1.5,0.333,0.8,1.0,0.0,2025-02-08,0.0,0.0,2.0,IND @ LAL,L,0.0,2.0,1.0,1.0,0.0,2.0,3.0,1630169.0,1610612754.0,Indiana Pacers,22400742.0,22024.0,1.0
Jaren Jackson,MEM,PF/C,8100,32.0,40.0,29.64,31.333,31.6,31.5,1.0,1.958,0.062,1.0,1.0,1.0,1.0,1.0,1.0,0.7,42.48799999999999,39.6,40.548,46.1,43.42,41.19,1.0,2.36,7.468,27.333,28.0,26.4,4.667,4.6,5.2,3.0,3.0,2.5,23.34,6.04,2.2,0.543,0.086,0.057,0.543,0.895,0.5,0.667,0.5,7.0,14.0,2.0,3.0,3.0,6.0,5.0,0.143,14.333,12.6,10.0,7.38,1.0,17.333,1.0,0.0,1.0,5.892,2.3,2.121,14.523,1.0,2.375,1.05,1.333,2.033,0.167,0.1,1.0,0.0,2025-02-08,1.0,0.0,3.0,MEM vs. OKC,L,0.0,3.0,3.0,4.0,0.0,3.0,4.0,1628991.0,1610612763.0,Memphis Grizzlies,22400746.0,22024.0,1.0
Brandon Ingram,TOR,SF/PF,8000,0.0,0.0,33.0,30.667,32.6,33.5,0.0,6.258,0.187,0.0,0.0,0.0,0.0,0.9,0.9,0.8,0.0,11.7,37.306,30.567,33.9,34.85,0.0,-7.92,14.027,17.333,20.2,20.3,3.667,4.0,5.0,4.333,5.0,5.7,22.222,5.556,5.167,0.263,0.053,0.158,0.263,0.516,0.25,0.5,1.0,1.0,4.0,1.0,2.0,2.0,2.0,-21.0,-1.105,-8.0,-8.4,-8.1,-7.111,0.0,12.583,0.0,0.0,0.0,8.46,2.16,2.058,7.884,3.0,0.413,0.257,1.08,0.71,2.833,0.9,1.0,1.0,2024-12-07,1.0,0.0,2.0,NOP vs. OKC,L,1.0,1.0,0.0,2.0,0.0,1.0,1.0,1627742.0,1610612740.0,New Orleans Pelicans,22400342.0,22024.0,1.0
Nikola Vucevic,CHI,C,7800,31.0,40.0,32.135,31.0,32.0,31.7,0.0,3.199,0.101,1.0,1.0,0.0,0.0,1.0,0.9,0.7,39.157,20.3,40.15,27.567,35.56,37.02,0.0,-1.18,11.226,10.667,14.6,14.4,8.667,9.8,9.6,2.333,4.0,4.0,19.327,10.269,3.5,0.345,0.138,0.034,0.345,0.344,0.364,0.0,1.0,4.0,11.0,0.0,2.0,2.0,2.0,-27.0,-0.931,-13.333,-6.2,-5.3,-2.346,0.0,12.356,0.0,0.0,1.0,5.854,2.716,2.539,12.033,1.0,1.081,1.548,0.5,1.444,0.7,0.3,1.0,1.0,2025-02-08,1.0,0.0,3.0,CHI vs. GSW,L,1.0,2.0,0.0,2.0,1.0,3.0,4.0,202696.0,1610612741.0,Chicago Bulls,22400745.0,22024.0,1.0
Pascal Siakam,IND,PF,7700,34.0,40.0,33.176,33.333,33.2,33.0,1.0,2.944,0.089,1.0,1.0,1.0,0.0,1.0,1.0,0.9,37.953,42.2,37.559,41.7,41.52,44.63,1.0,-2.0,9.663,24.0,22.8,23.9,7.667,7.6,7.4,2.333,3.2,4.1,20.745,7.353,3.431,0.697,0.182,0.121,0.697,0.713,0.4,0.0,1.0,6.0,15.0,0.0,2.0,11.0,11.0,-6.0,-0.182,0.667,0.4,6.4,2.941,0.0,15.349,1.0,1.0,0.0,6.54,2.319,1.792,13.75,1.0,1.966,1.579,1.481,1.375,0.333,0.2,1.0,1.0,2025-02-08,0.0,0.0,2.0,IND @ LAL,L,0.0,2.0,0.0,0.0,3.0,3.0,2.0,1627783.0,1610612754.0,Indiana Pacers,22400742.0,22024.0,1.0
Josh Hart,NYK,SF/PF,7600,38.0,40.0,37.549,38.333,37.4,36.8,0.0,3.853,0.105,1.0,1.0,1.0,1.0,1.0,1.0,0.9,37.711000000000006,34.1,38.278,35.867,41.44,40.18,1.0,1.52,12.725,17.0,18.4,14.9,7.667,8.2,9.9,4.667,6.0,6.0,14.353,9.627,5.725,0.447,0.211,0.079,0.447,0.443,0.438,0.333,0.5,7.0,16.0,1.0,3.0,2.0,4.0,-31.0,-0.816,-10.0,-7.8,-3.5,3.627,0.0,16.821,1.0,0.0,1.0,6.332,3.665,3.464,15.9,3.0,1.635,2.667,1.875,1.59,1.533,0.6,1.0,0.0,2025-02-08,1.0,0.0,4.0,NYK vs. BOS,L,1.0,2.0,0.0,3.0,1.0,7.0,3.0,1628404.0,1610612752.0,New York Knicks,22400748.0,22024.0,1.0
Desmond Bane,MEM,SG,7500,32.0,40.0,30.195,35.0,32.8,33.5,1.0,3.567,0.106,1.0,1.0,1.0,1.0,1.0,1.0,0.7,35.7225,41.3,35.456,41.0,37.28,40.13,1.0,0.46,7.72,22.0,19.8,20.8,10.0,8.4,5.9,4.667,4.8,6.7,17.976,5.756,5.439,0.556,0.25,0.139,0.556,0.638,0.467,0.429,1.0,7.0,15.0,3.0,7.0,3.0,3.0,-10.0,-0.278,-1.667,-5.6,6.0,4.732,0.0,18.215,1.0,1.0,0.0,2.658,3.843,4.191,14.938,2.0,2.5,3.15,3.333,2.091,1.5,0.7,1.0,0.0,2025-02-08,1.0,0.0,6.0,MEM vs. OKC,L,0.0,2.0,0.0,3.0,0.0,9.0,2.0,1630217.0,1610612763.0,Memphis Grizzlies,22400746.0,22024.0,1.0
Paul George,PHI,SF/PF,7400,35.0,40.0,31.879,30.333,28.0,32.1,0.0,8.144,0.254,1.0,1.0,0.0,0.0,0.9,0.9,0.6,39.314,38.0,33.688,26.467,25.52,33.57,0.0,0.9,12.57,11.667,14.8,17.4,2.333,2.6,5.1,2.667,2.4,4.3,16.636,5.333,4.515,0.414,0.172,0.207,0.414,0.387,0.5,0.333,0.667,4.0,8.0,2.0,6.0,2.0,3.0,-6.0,-0.207,-8.667,-4.8,-2.5,-1.485,0.0,8.567,0.0,0.0,0.0,8.099,3.784,2.751,12.083,4.0,1.039,1.31,2.357,1.329,1.767,4.1,0.0,0.0,2025-02-09,0.0,0.0,2.0,PHI @ MIL,L,0.0,3.0,1.0,1.0,0.0,5.0,1.0,202331.0,1610612755.0,Philadelphia 76ers,22400754.0,22024.0,2.0
Josh Giddey,CHI,PG,7300,31.0,40.0,28.796,31.0,32.0,32.5,1.0,4.528,0.139,1.0,1.0,1.0,5.0,1.0,1.0,0.7,37.4995,35.2,32.761,35.167,37.18,36.02,1.0,1.88,6.892,18.0,17.8,15.5,5.0,6.4,7.1,5.0,5.0,6.0,12.082,7.224,6.51,0.355,0.194,0.129,0.355,0.583,0.273,0.333,0.75,3.0,11.0,2.0,6.0,3.0,4.0,-22.0,-0.71,-12.333,-4.4,-4.7,-2.98,0.0,13.663,1.0,0.0,0.0,4.767,2.885,2.309,12.863,2.0,1.189,2.323,2.0,1.544,1.5,0.5,1.0,1.0,2025-02-08,1.0,0.0,3.0,CHI vs. GSW,L,1.0,1.0,3.0,1.0,2.0,4.0,2.0,1630581.0,1610612741.0,Chicago Bulls,22400745.0,22024.0,1.0
RJ Barrett,TOR,SG/SF,7200,0.0,0.0,33.268,30.667,31.2,31.1,0.0,3.51,0.113,1.0,1.0,1.0,0.0,1.0,1.0,0.5,0.0,43.7,38.412,31.367,33.18,34.43,0.0,3.2,9.624,16.667,18.0,18.2,6.0,6.4,6.4,4.333,4.6,5.1,21.585,6.634,5.683,0.606,0.182,0.212,0.606,0.537,0.429,0.333,0.0,9.0,21.0,2.0,6.0,0.0,0.0,6.0,0.182,9.333,10.8,7.1,-2.512,1.0,12.215,0.0,0.0,0.0,3.706,2.319,2.601,13.808,3.0,1.739,1.395,2.258,1.381,0.433,0.1,1.0,1.0,2025-02-02,1.0,0.0,2.0,TOR vs. LAC,W,0.0,3.0,0.0,3.0,2.0,4.0,2.0,1629628.0,1610612761.0,Toronto Raptors,22400697.0,22024.0,1.0
Coby White,CHI,SG/SF,6700,34.0,40.0,32.63,32.667,33.0,32.3,1.0,2.111,0.065,1.0,1.0,1.0,1.0,1.0,1.0,0.9,35.74300000000001,35.8,30.454,31.633,31.96,28.73,1.0,3.38,8.758,23.0,23.2,19.7,2.333,2.8,2.9,5.0,4.8,4.5,18.717,3.304,4.63,0.794,0.118,0.118,0.794,0.702,0.583,0.667,1.0,7.0,12.0,6.0,9.0,7.0,7.0,-27.0,-0.794,-10.333,-7.6,-7.5,-3.739,0.0,12.66,1.0,0.0,1.0,5.187,1.37,2.321,14.108,3.0,2.919,1.548,2.0,1.693,0.367,0.7,1.0,0.0,2025-02-08,1.0,0.0,3.0,CHI vs. GSW,L,1.0,0.0,0.0,2.0,0.0,4.0,0.0,1629632.0,1610612741.0,Chicago Bulls,22400745.0,22024.0,1.0
Jalen Duren,DET,C,6600,29.0,40.0,25.74,24.333,26.4,28.0,1.0,4.055,0.145,1.0,1.0,1.0,1.0,0.9,0.8,0.3,37.235000000000014,41.4,30.096,34.833,36.68,35.82,1.0,-0.54,7.437,12.333,15.2,14.2,11.667,11.4,11.6,4.333,3.6,3.0,10.84,10.08,2.44,0.516,0.387,0.194,0.516,0.51,0.6,0.0,1.0,6.0,10.0,0.0,0.0,4.0,4.0,10.0,0.323,14.667,11.4,2.3,-1.06,1.0,14.229,1.0,1.0,1.0,3.795,2.366,2.404,12.863,2.0,1.429,2.609,1.935,1.286,3.667,1.6,1.0,1.0,2025-02-09,1.0,0.0,2.0,DET vs. CHA,W,0.0,1.0,0.0,1.0,5.0,7.0,4.0,1631105.0,1610612765.0,Detroit Pistons,22400752.0,22024.0,1.0
Bradley Beal,PHX,SG/SF,6500,0.0,0.0,32.27,30.333,28.8,30.4,0.0,5.502,0.181,1.0,1.0,0.0,0.0,1.0,0.7,0.4,0.0,36.6,29.77,32.2,31.32,27.91,1.0,3.44,10.255,21.0,20.2,16.1,2.667,2.6,2.8,4.0,4.0,4.1,17.351,3.378,3.432,0.862,0.103,0.207,0.862,0.687,0.636,0.5,1.0,7.0,11.0,1.0,2.0,10.0,10.0,-12.0,-0.414,-5.0,-0.6,0.2,-4.081,1.0,14.328,1.0,0.0,1.0,6.74,1.317,1.449,12.185,2.0,2.982,1.114,3.25,1.584,0.067,1.6,1.0,1.0,2025-02-05,0.0,0.0,2.0,PHX @ OKC,L,0.0,0.0,0.0,1.0,0.0,3.0,3.0,203078.0,1610612756.0,Phoenix Suns,22400724.0,22024.0,1.0
Kelly Oubre,PHI,SG,6400,38.0,40.0,34.592,37.333,39.4,39.0,1.0,2.582,0.066,1.0,1.0,1.0,10.0,1.0,1.0,1.0,32.724,28.5,29.639,33.967,33.24,37.59,1.0,-3.48,6.933,13.0,13.2,17.2,9.0,9.2,9.2,1.0,1.6,2.7,14.245,6.51,1.857,0.278,0.139,0.028,0.278,0.347,0.455,0.0,0.0,5.0,11.0,0.0,3.0,0.0,0.0,10.0,0.278,-2.667,-2.8,1.7,-2.878,1.0,9.661,0.0,1.0,0.0,5.673,3.12,1.567,15.0,3.0,0.866,1.31,0.393,1.65,1.667,0.4,1.0,0.0,2025-02-09,0.0,0.0,2.0,PHI @ MIL,L,0.0,3.0,1.0,1.0,2.0,3.0,3.0,1626162.0,1610612755.0,Philadelphia 76ers,22400754.0,22024.0,2.0
Jakob Poeltl,TOR,C,6400,0.0,0.0,30.889,26.667,27.8,26.6,0.0,6.132,0.231,0.0,0.0,0.0,0.0,0.8,0.7,0.4,0.0,13.4,35.956,26.9,33.92,32.8,0.0,-4.18,12.697,7.667,11.2,11.8,7.0,8.6,8.5,3.667,4.4,3.4,14.156,10.111,2.844,0.333,0.133,0.133,0.333,0.297,0.5,0.0,1.0,2.0,4.0,0.0,0.0,1.0,1.0,-8.0,-0.533,-2.667,7.6,3.1,-2.156,1.0,16.169,0.0,0.0,1.0,4.894,3.567,2.011,6.224,2.0,0.478,0.647,0.815,0.685,0.067,1.2,1.0,1.0,2025-02-04,1.0,0.0,2.0,TOR vs. NYK,L,0.0,1.0,0.0,0.0,2.0,0.0,1.0,1627751.0,1610612761.0,Toronto Raptors,22400713.0,22024.0,1.0
Mikal Bridges,NYK,SG/SF,6300,37.0,40.0,38.308,38.0,36.8,35.3,0.0,3.974,0.113,1.0,1.0,1.0,0.0,1.0,1.0,0.9,28.405,20.6,29.581,28.2,27.02,29.93,0.0,-5.88,9.927,16.667,15.8,18.5,2.667,2.6,2.9,2.667,2.6,3.7,18.058,3.096,3.231,0.324,0.088,0.059,0.324,0.434,0.333,0.333,0.0,5.0,15.0,1.0,3.0,0.0,0.0,-11.0,-0.324,10.667,6.0,6.8,5.885,1.0,18.943,0.0,0.0,0.0,6.754,1.449,1.829,14.226,4.0,1.058,1.0,1.25,1.423,2.7,1.5,0.0,0.0,2025-02-08,1.0,0.0,4.0,NYK vs. BOS,L,0.0,1.0,0.0,0.0,1.0,2.0,1.0,1628969.0,1610612752.0,New York Knicks,22400748.0,22024.0,1.0
OG Anunoby,NYK,SF/PF,6200,36.0,40.0,36.327,30.0,32.4,35.6,0.0,7.589,0.213,0.0,0.0,0.0,0.0,0.9,0.9,0.9,30.35,20.7,30.606,32.333,37.98,31.03,1.0,-0.02,13.274,17.0,20.8,16.8,3.333,3.4,4.4,2.0,2.6,2.5,16.367,4.714,2.02,0.765,0.059,0.059,0.765,0.599,0.714,0.75,0.0,5.0,7.0,3.0,4.0,0.0,0.0,1.0,0.059,19.0,11.8,5.8,6.224,1.0,16.639,1.0,0.0,1.0,7.361,2.989,1.269,7.083,4.0,1.625,0.318,0.424,0.992,5.6,3.2,0.0,0.0,2025-02-01,1.0,0.0,3.0,NYK vs. LAL,L,0.0,0.0,2.0,1.0,1.0,0.0,0.0,1628384.0,1610612752.0,New York Knicks,22400692.0,22024.0,1.0
Immanuel Quickley,TOR,PG,6100,31.0,40.0,26.143,26.333,22.2,26.7,0.0,6.533,0.245,1.0,1.0,0.0,2.0,0.8,0.7,0.3,36.0535,33.1,26.85,24.533,23.68,25.54,0.0,0.34,6.667,11.667,12.0,13.9,4.333,3.4,2.7,6.0,5.2,5.4,14.714,2.643,5.786,0.667,0.267,0.1,0.667,0.437,0.4,0.333,0.833,6.0,15.0,3.0,9.0,5.0,6.0,0.0,0.0,-6.333,-2.8,-6.9,-5.357,1.0,12.078,0.0,1.0,0.0,6.262,2.452,3.169,12.605,2.0,2.299,1.667,1.579,1.261,0.367,4.5,1.0,1.0,2025-02-09,0.0,0.0,2.0,TOR @ HOU,L,0.0,1.0,0.0,4.0,1.0,7.0,2.0,1630193.0,1610612761.0,Toronto Raptors,22400753.0,22024.0,1.0
Myles Turner,IND,C,6000,30.0,40.0,30.609,23.333,26.8,28.4,0.0,8.579,0.302,0.0,0.0,0.0,0.0,0.9,0.9,0.3,30.0875,3.0,31.139,13.533,21.58,26.13,0.0,-3.52,12.373,8.0,12.4,15.4,2.667,3.4,4.9,1.333,1.8,1.3,15.087,6.565,1.522,0.0,0.0,0.0,0.0,0.247,0.0,0.0,0.0,0.0,4.0,0.0,2.0,0.0,0.0,-8.0,-1.333,-6.667,0.2,0.1,0.913,0.0,12.333,0.0,0.0,1.0,7.633,3.604,1.16,2.49,4.0,0.0,0.0,0.0,0.249,5.067,1.6,0.0,0.0,2025-02-06,0.0,0.0,2.0,IND @ LAC,W,0.0,1.0,0.0,0.0,0.0,0.0,0.0,1626167.0,1610612754.0,Indiana Pacers,22400733.0,22024.0,1.0
Guerschon Yabusele,PHI,PF/C,6000,28.0,40.0,26.776,30.0,32.4,30.6,1.0,4.766,0.156,1.0,0.0,0.0,0.0,1.0,0.8,0.4,24.1755,24.9,23.312,29.433,32.58,30.15,1.0,0.44,8.429,15.333,19.0,15.8,6.333,6.4,6.5,2.333,1.8,2.5,11.245,5.592,2.02,0.72,0.08,0.04,0.72,0.521,0.7,0.5,1.0,7.0,10.0,3.0,6.0,1.0,1.0,-5.0,-0.2,-4.667,-4.6,-0.5,-1.122,0.0,8.873,1.0,1.0,0.0,6.957,3.1,1.269,10.417,5.0,1.559,0.524,0.393,1.146,0.6,1.8,0.0,0.0,2025-02-09,0.0,0.0,4.0,PHI @ MIL,L,0.0,1.0,0.0,0.0,1.0,1.0,4.0,1627824.0,1610612755.0,Philadelphia 76ers,22400754.0,22024.0,2.0
Tobias Harris,DET,PF,5900,33.0,40.0,32.078,31.0,32.4,31.0,1.0,6.254,0.202,1.0,1.0,1.0,2.0,0.9,0.8,0.7,28.528,26.3,27.873,27.167,31.1,25.74,1.0,-1.56,12.512,16.667,17.6,13.7,5.0,5.0,4.7,1.667,1.8,1.6,13.294,5.98,2.333,0.588,0.118,0.029,0.588,0.518,0.692,0.5,1.0,9.0,13.0,1.0,2.0,1.0,1.0,20.0,0.588,11.0,9.6,5.1,2.118,1.0,11.522,1.0,0.0,0.0,7.818,2.627,0.699,14.108,4.5,1.786,0.87,0.323,1.411,0.0,1.4,0.0,0.0,2025-02-09,1.0,0.0,2.0,DET vs. CHA,W,0.0,0.0,0.0,0.0,0.0,4.0,1.0,202699.0,1610612765.0,Detroit Pistons,22400752.0,22024.0,1.0
Precious Achiuwa,NYK,PF/C,5600,24.0,40.0,20.871,34.333,31.6,26.7,1.0,7.903,0.296,1.0,1.0,1.0,6.0,0.6,0.6,0.4,21.84,10.8,19.365,25.4,25.86,25.3,1.0,-5.06,11.351,9.0,10.0,8.7,7.0,7.8,6.5,1.333,1.4,1.4,6.419,5.774,1.065,0.091,0.121,0.061,0.091,0.256,0.25,0.0,0.5,1.0,4.0,0.0,1.0,1.0,2.0,-37.0,-1.121,-15.667,-9.6,-1.6,-0.29,0.0,16.521,1.0,1.0,1.0,5.293,3.779,1.174,13.808,5.0,0.288,1.333,1.25,1.381,7.633,4.9,0.0,0.0,2025-02-08,1.0,0.0,4.0,NYK vs. BOS,L,1.0,0.0,0.0,0.0,2.0,2.0,1.0,1630173.0,1610612752.0,New York Knicks,22400748.0,22024.0,1.0
Malik Beasley,DET,SG/SF,5500,26.0,40.0,27.868,29.667,28.2,26.8,1.0,4.78,0.178,1.0,1.0,0.0,0.0,1.0,0.5,0.1,24.38,25.4,24.385,23.667,27.78,25.74,1.0,2.8,10.712,18.333,18.4,17.7,1.667,2.4,2.7,0.667,1.8,1.6,16.415,2.868,1.774,0.654,0.077,0.0,0.654,0.56,0.375,0.357,0.0,6.0,16.0,5.0,14.0,0.0,0.0,9.0,0.346,7.0,2.8,0.9,1.434,1.0,9.735,1.0,0.0,1.0,8.616,1.567,1.43,10.788,4.5,1.518,0.435,0.0,1.079,2.867,1.4,0.0,0.0,2025-02-09,1.0,0.0,2.0,DET vs. CHA,W,0.0,2.0,0.0,0.0,1.0,1.0,1.0,1627736.0,1610612765.0,Detroit Pistons,22400752.0,22024.0,1.0
Ayo Dosunmu,CHI,PF,5400,32.0,40.0,30.643,31.667,32.4,31.1,1.0,3.814,0.123,1.0,1.0,0.0,0.0,1.0,0.9,0.6,27.81,16.2,25.998,26.367,26.4,23.72,1.0,-1.72,8.386,14.0,12.4,12.4,1.0,2.0,2.1,5.667,6.0,4.4,12.357,3.5,4.643,0.333,0.033,0.133,0.333,0.454,0.667,0.333,1.0,4.0,6.0,1.0,3.0,1.0,1.0,-13.0,-0.433,-6.0,-3.8,-6.9,-4.524,1.0,14.193,1.0,0.0,1.0,4.3,1.287,2.413,12.448,4.0,1.081,0.387,2.0,1.494,0.567,1.3,0.0,0.0,2025-02-08,1.0,0.0,3.0,CHI vs. GSW,L,0.0,1.0,0.0,4.0,0.0,1.0,4.0,1630245.0,1610612741.0,Chicago Bulls,22400745.0,22024.0,1.0
Andrew Nembhard,IND,PG/SG,5300,29.0,40.0,28.343,26.667,28.0,30.1,0.0,4.954,0.165,1.0,0.0,0.0,0.0,1.0,0.9,0.4,26.063000000000002,6.5,24.469,18.1,23.12,27.43,0.0,-8.12,12.319,7.667,10.4,10.4,3.0,2.6,3.4,2.333,4.0,5.5,10.6,3.343,5.029,0.091,0.0,0.136,0.091,0.283,0.0,0.0,1.0,0.0,1.0,0.0,1.0,2.0,2.0,-11.0,-0.5,-9.667,-7.6,-3.0,3.4,0.0,14.36,0.0,0.0,0.0,5.481,2.413,2.877,9.167,3.0,0.171,0.0,1.111,0.917,3.433,2.1,1.0,1.0,2025-02-08,0.0,0.0,2.0,IND @ LAL,L,0.0,1.0,0.0,3.0,0.0,0.0,5.0,1629614.0,1610612754.0,Indiana Pacers,22400742.0,22024.0,1.0
Bennedict Mathurin,IND,SF,5200,26.0,40.0,31.49,27.333,25.8,26.4,0.0,3.806,0.144,1.0,0.0,0.0,0.0,1.0,0.4,0.2,22.142500000000002,22.0,26.933,27.2,23.44,24.07,0.0,0.78,7.76,17.667,15.8,15.5,6.0,4.2,4.1,2.0,1.2,1.3,16.347,5.735,1.816,0.64,0.2,0.0,0.64,0.649,0.417,0.333,1.0,5.0,12.0,1.0,3.0,5.0,5.0,-10.0,-0.4,-2.333,-6.4,-4.9,1.163,0.0,11.07,0.0,0.0,0.0,5.836,2.079,1.418,10.417,4.0,1.368,1.316,0.0,1.042,0.933,0.6,0.0,0.0,2025-02-08,0.0,0.0,2.0,IND @ LAL,L,0.0,0.0,0.0,0.0,1.0,4.0,3.0,1631097.0,1610612754.0,Indiana Pacers,22400742.0,22024.0,1.0
Ausar Thompson,DET,SF/PF,5100,26.0,40.0,20.645,25.667,24.8,24.0,1.0,3.367,0.14,1.0,0.0,0.0,6.0,0.8,0.3,0.0,26.4155,35.6,22.432,34.767,32.4,27.93,1.0,3.36,7.73,14.0,13.4,11.1,8.0,7.0,5.4,4.333,4.0,2.5,8.806,5.065,1.935,0.696,0.348,0.174,0.696,0.553,0.778,0.0,0.4,7.0,9.0,0.0,0.0,2.0,5.0,2.0,0.087,3.0,3.6,1.3,-0.903,1.0,6.848,1.0,1.0,1.0,5.705,2.413,1.841,9.544,3.0,1.429,1.739,1.29,0.954,1.667,0.8,1.0,1.0,2025-02-09,1.0,0.0,2.0,DET vs. CHA,W,0.0,2.0,0.0,2.0,5.0,3.0,4.0,1641709.0,1610612765.0,Detroit Pistons,22400752.0,22024.0,1.0
Nick Richards,PHX,C,5100,23.0,40.0,22.03,22.0,21.8,23.4,0.0,4.326,0.185,1.0,0.0,0.0,0.0,0.8,0.1,0.1,24.5775,18.8,23.567,24.6,21.44,24.01,0.0,-3.78,12.403,7.667,5.2,8.1,9.667,9.2,10.8,0.0,0.4,0.5,8.879,8.515,1.061,0.227,0.409,0.0,0.227,0.345,0.25,0.0,0.75,1.0,4.0,0.0,0.0,3.0,4.0,-14.0,-0.636,-11.333,-13.6,-3.8,-3.545,0.0,13.935,0.0,1.0,0.0,5.763,4.849,0.707,9.244,2.0,0.571,2.512,0.0,1.109,1.4,1.6,1.0,1.0,2025-02-08,1.0,1.0,1.0,PHX vs. DEN,L,0.0,0.0,1.0,0.0,4.0,5.0,3.0,1630208.0,1610612756.0,Phoenix Suns,22400749.0,22024.0,1.0
Thomas Bryant,IND,C,5000,15.0,40.0,14.371,22.0,21.2,18.1,1.0,5.859,0.324,1.0,0.0,0.0,6.0,0.3,0.2,0.0,15.745000000000001,28.6,15.491,26.067,23.46,19.83,1.0,2.44,7.471,10.0,8.8,8.4,7.0,5.8,4.9,3.333,2.6,1.7,6.486,3.886,0.971,0.565,0.348,0.174,0.565,0.442,0.6,0.333,0.0,6.0,10.0,1.0,3.0,0.0,0.0,13.0,0.565,3.333,1.6,3.4,2.486,0.0,10.233,1.0,1.0,1.0,4.006,2.726,1.418,9.583,6.0,1.111,2.105,1.481,0.958,3.9,3.1,0.0,0.0,2025-02-08,0.0,0.0,2.0,IND @ LAL,L,0.0,0.0,0.0,0.0,4.0,4.0,1.0,1628418.0,1610612754.0,Indiana Pacers,22400742.0,22024.0,1.0
Royce ONeale,PHX,SF/PF,5000,30.0,40.0,25.522,29.667,27.2,25.7,1.0,6.36,0.247,1.0,1.0,0.0,4.0,0.8,0.5,0.2,29.065499999999997,14.4,22.146,24.5,24.18,19.63,1.0,0.0,10.383,13.0,11.6,8.5,3.333,3.4,3.4,2.333,2.6,1.9,9.435,5.022,2.109,0.3,0.067,0.067,0.3,0.44,0.333,0.375,0.0,3.0,9.0,3.0,8.0,0.0,0.0,-20.0,-0.667,-14.0,-7.2,-2.4,-1.087,0.0,12.474,1.0,0.0,1.0,5.148,1.174,1.792,12.605,4.0,1.029,0.558,0.96,1.513,3.967,1.5,0.0,0.0,2025-02-08,1.0,1.0,1.0,PHX vs. DEN,L,0.0,0.0,0.0,0.0,1.0,1.0,2.0,1626220.0,1610612756.0,Phoenix Suns,22400749.0,22024.0,1.0
Lonzo Ball,CHI,PG/SG,4900,0.0,0.0,21.533,27.333,26.0,25.3,1.0,1.947,0.077,1.0,1.0,0.0,12.0,1.0,0.3,0.0,0.0,15.0,21.187,18.967,20.86,22.57,0.0,-1.56,5.203,7.667,10.0,9.0,4.0,3.8,4.1,3.0,2.6,3.1,7.167,3.433,3.467,0.172,0.172,0.069,0.172,0.279,0.222,0.143,0.0,2.0,9.0,1.0,7.0,0.0,0.0,6.0,0.207,0.333,-1.0,1.4,2.367,0.0,8.181,1.0,1.0,0.0,4.19,1.524,1.729,11.983,5.0,0.376,1.163,0.571,1.198,2.033,0.7,0.0,0.0,2025-02-04,1.0,0.0,2.0,CHI vs. MIA,W,0.0,1.0,0.0,2.0,1.0,4.0,2.0,1628366.0,1610612741.0,Chicago Bulls,22400714.0,22024.0,1.0
Grayson Allen,PHX,SG/SF,4900,29.0,40.0,25.119,33.333,29.2,27.9,1.0,4.483,0.161,1.0,1.0,1.0,3.0,1.0,0.6,0.2,26.6475,47.4,21.048,29.3,26.88,23.88,1.0,4.5,10.823,13.667,11.0,11.0,4.0,4.4,4.4,3.667,4.0,2.8,11.071,3.452,2.048,0.583,0.194,0.167,0.583,0.402,0.368,0.5,0.0,7.0,19.0,7.0,14.0,0.0,0.0,12.0,0.333,0.0,2.2,1.8,0.571,1.0,10.591,0.0,1.0,1.0,5.121,1.955,2.251,13.585,2.0,1.556,1.429,1.935,1.358,5.433,1.3,1.0,1.0,2025-02-07,1.0,0.0,2.0,PHX vs. UTA,W,0.0,2.0,1.0,0.0,2.0,5.0,2.0,1628960.0,1610612756.0,Phoenix Suns,22400740.0,22024.0,1.0
Jonathan Mogbo,TOR,C,4900,30.0,40.0,17.275,26.0,23.4,15.4,1.0,10.167,0.66,1.0,1.0,1.0,4.0,0.3,0.2,0.1,27.483499999999996,31.7,15.753,25.733,18.9,13.27,1.0,5.1,11.47,10.0,7.6,4.9,5.333,4.0,3.1,2.667,1.8,1.1,5.425,4.2,1.625,0.323,0.194,0.097,0.323,0.402,0.3,0.0,0.8,3.0,10.0,0.0,6.0,4.0,5.0,-10.0,-0.323,-5.333,-4.8,-4.2,-3.95,0.0,6.303,1.0,0.0,1.0,3.9,2.47,1.197,13.025,8.0,1.149,1.25,1.579,1.303,10.6,8.0,0.0,0.0,2025-02-09,0.0,0.0,2.0,TOR @ HOU,L,0.0,0.0,4.0,2.0,0.0,6.0,5.0,1642367.0,1610612761.0,Toronto Raptors,22400753.0,22024.0,1.0
Matas Buzelis,CHI,PF,4800,30.0,40.0,14.549,29.667,28.2,21.9,1.0,7.578,0.346,1.0,1.0,0.0,7.0,0.6,0.5,0.1,29.695000000000004,31.3,13.229,33.067,28.74,20.35,1.0,2.3,10.874,18.0,15.6,11.3,3.667,4.2,4.0,2.0,1.4,0.9,6.157,2.863,0.529,0.552,0.138,0.172,0.552,0.603,0.6,0.333,0.75,6.0,10.0,1.0,3.0,3.0,4.0,-18.0,-0.621,-12.333,-4.4,-3.7,-0.314,0.0,12.239,1.0,1.0,1.0,6.093,1.333,1.595,12.033,6.0,1.73,1.548,2.5,1.444,7.767,6.3,0.0,0.0,2025-02-08,1.0,0.0,3.0,CHI vs. GSW,L,0.0,1.0,1.0,3.0,0.0,4.0,3.0,1641824.0,1610612741.0,Chicago Bulls,22400745.0,22024.0,1.0
Zach Edey,MEM,C,4800,20.0,40.0,20.711,21.0,19.8,20.8,0.0,4.541,0.218,0.0,0.0,0.0,0.0,0.4,0.1,0.0,24.210000000000004,13.4,24.408,32.567,27.96,28.12,1.0,-2.96,14.004,11.333,10.6,10.3,10.333,8.8,8.6,1.0,1.6,1.2,9.737,7.632,0.974,0.385,0.154,0.0,0.385,0.515,0.667,0.0,1.0,2.0,3.0,0.0,0.0,1.0,1.0,-5.0,-0.385,17.333,8.4,7.5,4.895,1.0,16.808,1.0,1.0,1.0,5.519,4.551,1.229,5.394,4.0,0.625,0.7,0.0,0.755,0.2,1.0,0.0,0.0,2025-02-08,1.0,0.0,3.0,MEM vs. OKC,L,0.0,1.0,1.0,0.0,1.0,1.0,3.0,1641744.0,1610612763.0,Memphis Grizzlies,22400746.0,22024.0,1.0
Tyus Jones,PHX,PG,4800,29.0,40.0,29.471,32.0,27.4,27.3,0.0,5.519,0.202,1.0,1.0,0.0,0.0,0.9,0.7,0.2,23.175,33.6,24.535,27.433,20.56,20.69,0.0,3.92,9.836,13.667,10.0,10.2,3.0,1.8,2.2,6.333,4.8,4.9,11.118,2.431,5.902,0.517,0.103,0.345,0.517,0.428,0.353,0.375,0.0,6.0,17.0,3.0,8.0,0.0,0.0,-15.0,-0.517,-10.667,-11.0,-1.6,-1.804,0.0,15.407,0.0,0.0,0.0,5.692,2.201,2.424,12.185,3.0,1.714,0.837,4.8,1.462,4.7,0.1,1.0,1.0,2025-02-08,1.0,1.0,1.0,PHX vs. DEN,L,0.0,0.0,0.0,0.0,2.0,1.0,0.0,1626145.0,1610612756.0,Phoenix Suns,22400749.0,22024.0,1.0
Quentin Grimes,PHI,SG/SF,4700,33.0,40.0,23.082,27.667,22.6,24.9,0.0,6.919,0.278,1.0,1.0,1.0,3.0,0.8,0.5,0.2,26.662999999999997,27.9,19.604,23.8,18.92,18.19,0.0,1.42,10.381,11.667,10.4,10.0,4.0,2.6,3.2,3.333,2.0,2.5,10.286,3.837,2.204,0.323,0.226,0.161,0.323,0.427,0.364,0.286,0.0,4.0,11.0,2.0,7.0,0.0,0.0,-10.0,-0.323,-13.667,-8.2,-6.8,-0.449,0.0,10.02,1.0,0.0,0.0,5.944,2.394,1.958,12.917,8.0,0.866,1.833,1.964,1.421,2.767,2.3,0.0,0.0,2025-02-09,0.0,0.0,2.0,PHI @ MIL,L,0.0,0.0,1.0,1.0,1.0,6.0,3.0,1629656.0,1610612755.0,Philadelphia 76ers,22400754.0,22024.0,2.0
Vasilije Micic,PHX,PG,4600,0.0,40.0,21.222,25.0,27.2,24.0,1.0,8.097,0.337,1.0,1.0,0.0,1.0,0.6,0.5,0.3,0.0,24.1,14.858,19.367,20.18,16.29,1.0,1.34,9.178,11.0,11.8,9.1,2.667,3.4,2.7,3.667,4.2,3.7,7.472,2.417,3.528,0.448,0.103,0.172,0.448,0.364,0.286,0.75,1.0,4.0,14.0,3.0,4.0,2.0,2.0,-14.0,-0.483,-17.333,-11.0,-1.1,-3.583,0.0,16.183,1.0,1.0,1.0,6.935,1.767,1.252,12.083,6.0,1.14,0.652,1.923,1.208,1.0,3.2,0.0,0.0,2025-02-03,1.0,0.0,2.0,CHA vs. WAS,L,0.0,0.0,0.0,0.0,0.0,3.0,1.0,203995.0,1610612766.0,Charlotte Hornets,22400700.0,22024.0,1.0
Santi Aldama,MEM,PF,4600,22.0,40.0,24.591,21.333,23.2,22.9,0.0,4.677,0.204,1.0,0.0,0.0,1.0,0.7,0.4,0.0,23.9425,30.2,27.561,20.233,26.46,24.81,0.0,1.98,12.962,10.0,13.6,13.1,5.333,5.8,5.8,2.333,2.2,1.7,12.773,6.727,2.568,0.72,0.24,0.16,0.72,0.446,0.75,0.333,1.0,6.0,8.0,1.0,3.0,5.0,5.0,-5.0,-0.2,-2.0,2.0,4.2,5.136,0.0,14.831,1.0,0.0,0.0,9.327,2.348,1.059,10.373,5.0,2.25,2.1,2.667,1.452,1.567,0.3,0.0,0.0,2025-02-08,1.0,0.0,3.0,MEM vs. OKC,L,0.0,0.0,0.0,1.0,2.0,4.0,2.0,1630583.0,1610612763.0,Memphis Grizzlies,22400746.0,22024.0,1.0
Dennis Schroder,DET,PG/SG,4500,17.0,40.0,29.521,18.333,23.0,22.7,0.0,6.183,0.272,0.0,0.0,0.0,0.0,0.6,0.3,0.2,16.7575,8.5,26.829,20.033,25.48,21.88,0.0,-1.64,10.674,6.333,10.2,10.6,2.667,3.4,2.4,3.0,4.0,4.0,14.229,2.583,5.417,0.333,0.0,0.2,0.333,0.348,0.25,0.5,1.0,1.0,4.0,1.0,2.0,2.0,2.0,3.0,0.2,-6.333,-2.6,-1.5,-2.688,1.0,14.478,0.0,1.0,0.0,6.114,2.066,2.108,6.224,6.0,0.446,0.0,0.968,0.622,4.367,0.3,0.0,0.0,2025-02-09,1.0,0.0,6.0,DET vs. CHA,W,0.0,0.0,0.0,1.0,0.0,0.0,0.0,203471.0,1610612765.0,Detroit Pistons,22400752.0,22024.0,1.0
Andre Drummond,PHI,C,4500,0.0,40.0,18.759,18.333,16.6,16.5,0.0,8.114,0.492,0.0,0.0,0.0,0.0,0.3,0.2,0.0,0.0,12.8,19.676,13.467,15.0,15.02,0.0,1.14,8.435,6.0,6.8,5.2,4.0,5.0,6.1,1.333,1.2,0.8,6.897,7.517,0.621,0.25,0.5,0.25,0.25,0.315,0.5,0.0,0.0,1.0,2.0,0.0,0.0,0.0,0.0,7.0,0.875,-8.0,-4.0,-2.6,-4.69,1.0,8.822,0.0,0.0,1.0,3.824,3.957,0.919,3.32,9.0,0.214,1.263,0.923,0.398,1.833,0.1,0.0,0.0,2025-02-07,0.0,0.0,17.0,PHI @ DET,L,0.0,0.0,1.0,0.0,1.0,3.0,1.0,203083.0,1610612755.0,Philadelphia 76ers,22400738.0,22024.0,1.0
Obi Toppin,IND,PF/C,4400,16.0,40.0,19.083,19.667,18.6,17.1,0.0,5.405,0.316,1.0,0.0,0.0,2.0,0.2,0.1,0.0,16.255,22.5,19.346,16.033,18.7,15.57,0.0,4.06,8.668,8.0,11.0,8.7,4.333,5.0,4.1,1.667,1.0,1.1,9.938,4.021,1.542,0.636,0.227,0.136,0.636,0.331,0.5,0.6,0.75,4.0,8.0,3.0,5.0,3.0,4.0,-21.0,-0.955,-8.667,-2.8,-4.5,-1.833,0.0,10.7,1.0,1.0,0.0,5.926,2.378,1.197,9.167,8.0,1.197,1.316,1.111,0.917,2.567,1.5,0.0,0.0,2025-02-08,0.0,0.0,2.0,IND @ LAL,L,1.0,0.0,0.0,2.0,1.0,4.0,2.0,1630167.0,1610612754.0,Indiana Pacers,22400742.0,22024.0,1.0
Bol Bol,PHX,PF/C,4300,0.0,40.0,8.875,21.667,15.0,10.9,1.0,9.803,0.899,1.0,1.0,1.0,3.0,0.2,0.1,0.1,0.0,43.9,9.2,26.233,17.62,11.69,1.0,8.06,13.258,11.333,8.0,5.4,3.667,2.6,2.2,1.0,1.0,0.5,4.688,1.938,0.375,0.576,0.212,0.03,0.576,0.484,0.471,0.3,0.0,8.0,17.0,3.0,10.0,0.0,0.0,-13.0,-0.394,-1.667,-1.2,-1.5,-0.062,0.0,5.911,1.0,1.0,1.0,5.68,1.874,0.527,13.866,6.0,2.171,1.953,0.48,1.664,10.767,4.1,0.0,0.0,2025-02-08,1.0,1.0,1.0,PHX vs. DEN,L,0.0,1.0,4.0,0.0,3.0,4.0,0.0,1629626.0,1610612756.0,Phoenix Suns,22400749.0,22024.0,1.0
Gradey Dick,TOR,SG,4300,23.0,40.0,29.609,24.667,27.6,26.0,0.0,7.454,0.287,0.0,0.0,0.0,0.0,0.7,0.7,0.4,18.7375,4.2,23.685,18.167,20.74,19.38,0.0,-3.14,7.645,10.0,12.4,12.3,5.0,4.2,3.4,0.333,0.6,1.0,15.283,3.37,1.891,0.0,0.071,0.0,0.0,0.338,0.0,0.0,0.0,0.0,4.0,0.0,2.0,0.0,0.0,1.0,0.071,-7.667,-3.4,-2.0,-2.848,0.0,9.944,0.0,1.0,0.0,5.618,2.413,0.943,5.882,4.0,0.0,0.208,0.0,0.588,1.333,1.6,0.0,0.0,2025-02-09,0.0,0.0,2.0,TOR @ HOU,L,0.0,1.0,0.0,0.0,0.0,1.0,1.0,1641711.0,1610612761.0,Toronto Raptors,22400753.0,22024.0,1.0
Patrick Williams,CHI,SF/PF,4200,20.0,40.0,26.488,25.333,25.0,26.3,0.0,3.773,0.143,0.0,0.0,0.0,0.0,0.8,0.7,0.1,18.005,7.4,20.207,17.3,19.56,19.82,0.0,-4.8,8.556,8.667,9.6,9.2,4.0,4.8,5.1,1.667,1.2,2.0,9.372,4.116,2.116,0.4,0.1,0.0,0.4,0.348,0.333,0.333,0.75,2.0,6.0,1.0,3.0,3.0,4.0,-8.0,-0.4,-1.333,0.4,0.8,-4.372,1.0,12.136,1.0,1.0,0.0,3.615,2.47,1.563,8.299,7.0,0.865,0.774,0.0,0.996,0.967,1.3,0.0,0.0,2025-02-08,1.0,0.0,3.0,CHI vs. GSW,L,0.0,0.0,0.0,3.0,1.0,1.0,2.0,1630172.0,1610612741.0,Chicago Bulls,22400745.0,22024.0,1.0
JaKobe Walter,TOR,SG/SF,4200,23.0,40.0,19.5,25.333,25.2,20.7,1.0,6.43,0.311,1.0,0.0,0.0,5.0,0.6,0.2,0.0,17.9825,15.6,14.659,21.2,20.32,16.68,1.0,-1.84,8.048,12.0,11.8,8.7,2.667,2.6,2.4,1.333,1.2,1.4,7.794,2.412,1.412,0.4,0.12,0.0,0.4,0.474,0.4,0.4,0.0,4.0,10.0,2.0,5.0,0.0,0.0,-2.0,-0.08,-4.667,-5.0,-2.2,-3.029,0.0,8.483,1.0,1.0,0.0,4.968,1.35,1.174,10.504,5.0,1.149,0.625,0.0,1.05,4.633,4.5,0.0,0.0,2025-02-09,0.0,0.0,2.0,TOR @ HOU,L,0.0,1.0,0.0,1.0,1.0,2.0,1.0,1642266.0,1610612761.0,Toronto Raptors,22400753.0,22024.0,1.0
TJ McConnell,IND,PG,4100,15.0,40.0,18.56,15.333,14.2,15.4,0.0,2.757,0.179,0.0,0.0,0.0,0.0,0.1,0.0,0.0,17.832500000000003,13.7,22.54,20.033,18.94,21.75,0.0,-3.4,6.702,10.333,7.4,7.9,2.667,2.2,3.0,3.667,4.6,4.3,9.88,2.6,4.44,0.923,0.077,0.077,0.923,0.678,0.5,0.0,1.0,3.0,6.0,0.0,1.0,6.0,6.0,0.0,0.0,0.667,1.8,3.2,-0.58,1.0,8.094,0.0,0.0,1.0,4.954,1.886,1.636,5.417,5.0,1.026,0.263,0.37,0.542,0.067,1.2,0.0,0.0,2025-02-08,0.0,0.0,2.0,IND @ LAL,L,0.0,0.0,0.0,1.0,0.0,1.0,0.0,204456.0,1610612754.0,Indiana Pacers,22400742.0,22024.0,1.0
Luke Kennard,MEM,PG/SG,4100,18.0,40.0,22.026,20.0,24.6,23.6,1.0,5.275,0.224,0.0,0.0,0.0,0.0,0.7,0.4,0.1,15.694999999999999,8.9,19.246,10.633,17.34,21.2,0.0,-1.8,11.628,3.333,8.0,10.8,2.333,2.2,2.5,2.333,3.4,3.8,9.538,2.897,3.385,0.188,0.125,0.062,0.188,0.169,0.333,0.5,0.0,1.0,3.0,1.0,2.0,0.0,0.0,-1.0,-0.062,9.333,8.6,5.1,5.462,1.0,9.327,0.0,0.0,1.0,9.378,1.269,2.348,6.639,7.0,0.375,0.7,0.667,0.929,3.6,1.0,0.0,0.0,2025-02-08,1.0,0.0,3.0,MEM vs. OKC,L,0.0,1.0,0.0,1.0,0.0,2.0,2.0,1628379.0,1610612763.0,Memphis Grizzlies,22400746.0,22024.0,1.0
Justin Edwards,PHI,SF/PF,4100,24.0,40.0,23.696,25.333,31.6,29.7,1.0,6.913,0.233,1.0,0.0,0.0,0.0,1.0,0.7,0.3,16.087500000000002,9.3,16.017,15.9,19.6,20.81,1.0,-3.54,7.019,7.667,10.2,9.4,3.667,4.0,3.8,1.667,1.6,1.9,7.913,3.13,1.391,0.182,0.182,0.045,0.182,0.294,0.2,0.25,0.5,1.0,5.0,1.0,4.0,1.0,2.0,6.0,0.273,-7.0,1.2,-1.1,-2.043,1.0,12.583,1.0,1.0,1.0,4.248,1.874,1.287,9.167,6.0,0.346,1.048,0.393,1.008,4.367,1.9,0.0,0.0,2025-02-09,0.0,0.0,2.0,PHI @ MIL,L,0.0,0.0,0.0,1.0,0.0,4.0,3.0,1642348.0,1610612755.0,Philadelphia 76ers,22400754.0,22024.0,2.0
Chris Boucher,TOR,PF/C,4100,18.0,40.0,17.378,16.333,16.4,16.5,0.0,2.461,0.149,0.0,0.0,0.0,1.0,0.1,0.0,0.0,19.567500000000003,15.4,19.011,14.867,13.96,15.71,0.0,-3.32,8.132,8.0,8.2,9.4,4.333,3.8,4.3,0.667,0.4,0.3,10.378,4.333,0.6,0.222,0.389,0.111,0.222,0.506,0.286,0.0,0.0,2.0,7.0,0.0,3.0,0.0,0.0,1.0,0.056,-5.0,0.6,3.9,-0.356,1.0,12.197,0.0,0.0,0.0,6.851,2.452,0.675,7.563,6.0,0.46,1.458,1.053,0.756,0.167,0.1,0.0,0.0,2025-02-09,0.0,0.0,2.0,TOR @ HOU,L,0.0,0.0,0.0,0.0,2.0,5.0,2.0,1628449.0,1610612761.0,Toronto Raptors,22400753.0,22024.0,1.0
Tim Hardaway,DET,SG/SF,4000,28.0,40.0,28.673,32.0,30.0,30.2,1.0,2.7,0.089,1.0,1.0,0.0,3.0,1.0,1.0,0.5,17.83,16.9,16.769,20.5,18.82,17.62,1.0,0.28,4.721,11.333,10.6,8.9,3.333,2.6,3.1,1.667,1.8,1.8,10.796,2.265,1.571,0.267,0.067,0.033,0.267,0.344,0.5,0.5,0.0,3.0,6.0,2.0,4.0,0.0,0.0,8.0,0.267,10.333,9.6,3.9,-0.653,1.0,8.452,0.0,1.0,1.0,5.087,1.663,1.135,12.448,7.0,0.714,0.435,0.323,1.245,1.8,0.2,0.0,0.0,2025-02-09,1.0,0.0,2.0,DET vs. CHA,W,0.0,2.0,0.0,1.0,0.0,2.0,4.0,203501.0,1610612765.0,Detroit Pistons,22400752.0,22024.0,1.0
Miles McBride,NYK,PG/SG,4000,21.0,40.0,23.619,27.333,25.4,22.5,1.0,5.191,0.231,1.0,1.0,1.0,1.0,0.6,0.2,0.1,16.3425,22.7,18.579,15.3,17.28,16.37,0.0,-2.82,9.466,6.333,8.6,8.1,0.667,1.4,1.6,1.0,1.6,1.7,9.119,2.357,2.69,0.229,0.029,0.029,0.229,0.229,0.125,0.2,1.0,1.0,8.0,1.0,5.0,5.0,5.0,-10.0,-0.286,-4.0,-1.8,2.6,3.786,0.0,9.24,0.0,0.0,0.0,3.635,1.35,1.418,14.644,6.0,0.769,0.333,0.625,1.464,4.833,2.9,0.0,0.0,2025-02-08,1.0,0.0,4.0,NYK vs. BOS,L,0.0,4.0,0.0,0.0,0.0,1.0,2.0,1630540.0,1610612752.0,New York Knicks,22400748.0,22024.0,1.0
Scotty Pippen,MEM,PG,4000,11.0,40.0,21.0,14.667,15.8,17.0,0.0,5.312,0.312,0.0,0.0,0.0,0.0,0.3,0.0,0.0,10.9725,14.4,23.24,18.7,22.84,20.38,0.0,0.28,9.622,9.667,8.4,7.2,2.667,3.2,3.4,1.667,4.0,3.6,9.558,3.365,4.481,0.75,0.25,0.0,0.75,0.702,0.5,0.0,0.8,1.0,2.0,0.0,1.0,4.0,5.0,1.0,0.125,8.0,7.8,2.5,0.981,1.0,11.365,0.0,0.0,0.0,4.022,1.506,2.875,3.32,8.0,0.75,0.7,0.0,0.465,2.333,1.2,0.0,0.0,2025-02-08,1.0,0.0,3.0,MEM vs. OKC,L,0.0,0.0,2.0,0.0,0.0,2.0,0.0,1630590.0,1610612763.0,Memphis Grizzlies,22400746.0,22024.0,1.0
Ochai Agbaji,TOR,PF,4000,32.0,40.0,27.979,28.0,25.4,22.2,0.0,6.512,0.293,1.0,1.0,1.0,2.0,0.7,0.2,0.1,20.945000000000004,19.0,20.891,23.567,24.36,19.69,1.0,1.22,9.353,11.0,10.4,8.7,5.333,4.8,3.7,1.667,1.6,1.1,10.319,3.766,1.638,0.344,0.156,0.062,0.344,0.416,0.625,0.0,0.5,5.0,8.0,0.0,3.0,1.0,2.0,-7.0,-0.219,-9.333,-2.6,-2.2,-4.213,1.0,11.736,1.0,1.0,0.0,4.084,1.947,0.994,13.445,3.0,1.264,1.042,1.053,1.345,5.8,3.2,1.0,1.0,2025-02-09,0.0,0.0,2.0,TOR @ HOU,L,0.0,0.0,0.0,1.0,1.0,4.0,0.0,1630534.0,1610612761.0,Toronto Raptors,22400753.0,22024.0,1.0
Gregory Jackson,MEM,SF/PF,3900,20.0,40.0,17.9,23.0,19.0,17.9,1.0,6.332,0.354,0.0,0.0,0.0,4.0,0.4,0.1,0.0,18.642500000000002,10.2,16.12,24.067,18.96,16.12,1.0,-0.5,12.053,18.333,12.0,10.0,3.667,3.8,3.6,0.667,0.8,0.8,10.0,3.6,0.8,0.55,0.05,0.0,0.55,0.775,0.429,0.5,0.5,3.0,7.0,2.0,4.0,3.0,6.0,-12.0,-0.6,-1.0,-3.6,-3.0,-3.0,0.0,7.439,1.0,1.0,0.0,8.014,2.951,1.033,8.299,9.0,1.375,0.35,0.0,1.162,5.1,1.1,0.0,0.0,2025-02-08,1.0,0.0,3.0,MEM vs. OKC,L,0.0,0.0,0.0,2.0,0.0,1.0,0.0,1641713.0,1610612763.0,Memphis Grizzlies,22400746.0,22024.0,1.0
Jamal Shead,TOR,PG,3900,22.0,40.0,17.17,23.667,23.0,21.8,1.0,3.645,0.167,0.0,0.0,0.0,10.0,0.7,0.1,0.0,17.0475,16.0,13.283,18.867,21.62,15.7,1.0,0.22,7.837,11.667,12.2,8.1,1.0,1.6,1.5,4.0,5.0,4.0,6.043,1.149,3.553,0.737,0.0,0.105,0.737,0.507,0.667,0.667,0.0,6.0,9.0,2.0,3.0,0.0,0.0,-5.0,-0.263,-18.333,-9.0,-3.9,-4.021,0.0,17.565,1.0,1.0,1.0,5.109,1.179,2.582,7.983,7.0,1.609,0.0,1.053,0.798,1.867,1.2,0.0,0.0,2025-02-09,0.0,0.0,2.0,TOR @ HOU,L,0.0,0.0,0.0,1.0,0.0,0.0,2.0,1642347.0,1610612761.0,Toronto Raptors,22400753.0,22024.0,1.0
Orlando Robinson,TOR,C,3900,15.0,40.0,9.389,12.333,11.4,11.8,1.0,7.3,0.619,0.0,0.0,0.0,2.0,0.2,0.0,0.0,13.27,15.8,8.522,11.6,11.4,10.35,1.0,-0.08,6.959,3.333,3.4,3.8,4.667,4.0,3.5,1.333,1.2,0.7,3.0,2.611,0.889,0.176,0.529,0.0,0.176,0.288,0.2,1.0,0.0,1.0,5.0,1.0,1.0,0.0,0.0,3.0,0.176,-3.333,-2.2,-2.5,-1.0,0.0,6.519,1.0,1.0,1.0,2.741,2.953,1.337,7.143,9.0,0.345,1.875,0.0,0.714,0.533,0.4,0.0,0.0,2025-02-09,0.0,0.0,2.0,TOR @ HOU,L,0.0,0.0,1.0,1.0,2.0,7.0,4.0,1631115.0,1610612761.0,Toronto Raptors,22400753.0,22024.0,1.0
Mitchell Robinson,NYK,C,3800,0.0,0.0,0.0,0.0,0.0,0.0,0.0,0.0,0.0,0.0,0.0,0.0,0.0,0.0,0.0,0.0,0.0,0.0,0.0,0.0,0.0,0.0,0.0,0.0,0.0,0.0,0.0,0.0,0.0,0.0,0.0,0.0,0.0,0.0,0.0,0.0,0.0,0.0,0.0,0.0,0.0,0.0,0.0,0.0,0.0,0.0,0.0,0.0,0.0,0.0,0.0,0.0,0.0,0.0,0.0,0.0,0.0,0.0,0.0,0.0,0.0,0.0,0.0,0.0,0.0,0.0,0.0,0.0,0.0,0.0,0.0,0.0,0.0,0.0,0.0,,0.0,0.0,0.0,,,0.0,0.0,0.0,0.0,0.0,0.0,0.0,0.0,0.0,,0.0,0.0,0.0
Marvin Bagley,MEM,PF,3800,0.0,0.0,8.895,10.667,14.6,11.4,1.0,8.514,0.747,0.0,0.0,0.0,2.0,0.2,0.0,0.0,0.0,17.7,10.3,11.967,17.04,14.07,1.0,-2.58,12.42,5.0,7.0,6.4,4.0,4.2,3.6,0.333,0.8,0.5,4.895,2.947,0.368,0.438,0.375,0.062,0.438,0.606,0.667,0.0,0.75,2.0,3.0,0.0,0.0,3.0,4.0,-15.0,-0.938,-7.0,-3.8,-2.6,-1.368,0.0,7.975,1.0,1.0,1.0,6.703,2.989,0.707,6.667,7.0,0.867,1.529,0.52,0.867,0.733,3.2,0.0,0.0,2024-12-23,0.0,0.0,8.0,WAS @ OKC,L,0.0,1.0,0.0,1.0,1.0,5.0,0.0,1628963.0,1610612764.0,Washington Wizards,22400400.0,22024.0,1.0
Mason Plumlee,PHX,C,3800,18.0,40.0,17.706,21.333,20.4,18.9,1.0,5.259,0.278,0.0,0.0,0.0,0.0,0.3,0.2,0.0,18.81,18.5,17.208,15.4,16.5,18.46,0.0,-3.04,7.736,1.333,2.4,3.5,5.333,7.0,6.3,2.0,2.2,1.8,3.902,6.333,1.882,0.125,0.312,0.188,0.125,0.064,0.5,0.0,0.0,1.0,2.0,0.0,0.0,0.0,0.0,-3.0,-0.188,-1.667,1.0,3.2,1.216,0.0,13.661,0.0,1.0,1.0,3.1,2.406,1.229,6.723,5.0,0.229,1.395,1.44,0.807,2.433,1.5,0.0,0.0,2025-02-08,1.0,1.0,1.0,PHX vs. DEN,L,0.0,1.0,1.0,0.0,0.0,5.0,3.0,203486.0,1610612756.0,Phoenix Suns,22400749.0,22024.0,1.0
Jalen Smith,CHI,C,3700,17.0,40.0,15.5,16.333,17.8,16.2,1.0,3.084,0.19,0.0,0.0,0.0,1.0,0.1,0.0,0.0,22.920000000000005,17.6,18.935,20.9,23.78,21.14,1.0,-0.46,4.567,12.333,12.6,9.7,5.333,6.4,6.2,1.667,1.4,1.0,8.583,5.562,0.896,0.789,0.158,0.0,0.789,0.752,0.714,0.8,0.5,5.0,7.0,4.0,5.0,1.0,2.0,6.0,0.316,4.333,2.2,-0.7,-1.208,1.0,7.394,1.0,1.0,1.0,4.296,2.394,1.155,7.884,5.0,1.622,1.161,0.0,0.946,0.133,1.6,0.0,0.0,2025-02-08,1.0,0.0,3.0,CHI vs. GSW,L,0.0,0.0,0.0,1.0,1.0,2.0,0.0,1630188.0,1610612741.0,Chicago Bulls,22400745.0,22024.0,1.0
Cody Martin,PHX,SG/SF,3700,0.0,0.0,24.821,16.0,18.4,20.7,0.0,6.237,0.301,0.0,0.0,0.0,0.0,0.6,0.1,0.0,0.0,2.7,20.915,16.3,13.6,16.4,0.0,-2.48,10.624,5.0,6.2,5.4,4.0,3.0,4.0,3.0,2.0,2.2,7.846,4.513,2.282,0.0,0.2,0.2,0.0,0.239,0.0,0.0,0.0,0.0,3.0,0.0,1.0,0.0,0.0,-2.0,-0.4,2.667,-0.6,1.4,-1.385,1.0,8.909,0.0,0.0,0.0,3.134,2.261,2.201,2.075,4.0,0.0,0.217,0.5,0.207,4.7,2.3,0.0,0.0,2025-01-24,1.0,0.0,2.0,CHA vs. POR,L,0.0,0.0,0.0,0.0,1.0,0.0,0.0,1628998.0,1610612766.0,Charlotte Hornets,22400630.0,22024.0,1.0
Tre Jones,CHI,PG,3600,17.0,40.0,16.103,16.333,15.0,15.4,0.0,2.119,0.138,0.0,0.0,0.0,1.0,0.0,0.0,0.0,16.022499999999997,9.9,14.017,14.933,12.54,13.79,0.0,-4.38,7.708,4.0,5.4,5.5,1.333,1.2,1.7,4.667,3.0,3.3,4.241,2.069,3.69,0.0,0.111,0.167,0.0,0.248,0.0,0.0,0.0,0.0,3.0,0.0,0.0,0.0,0.0,-8.0,-0.444,-2.0,-6.8,-5.0,0.069,0.0,12.579,1.0,0.0,0.0,3.44,1.059,2.497,7.469,8.0,0.0,0.774,1.5,0.896,0.933,0.4,0.0,0.0,2025-02-08,1.0,0.0,7.0,CHI vs. GSW,L,0.0,1.0,0.0,0.0,0.0,2.0,2.0,1630200.0,1610612741.0,Chicago Bulls,22400745.0,22024.0,1.0
Aaron Nesmith,IND,SG/SF,3600,22.0,40.0,21.0,19.667,21.6,20.0,1.0,6.7,0.335,1.0,0.0,0.0,0.0,0.6,0.2,0.1,17.420000000000005,17.0,16.031,14.033,18.88,15.07,1.0,1.48,7.951,5.0,8.2,7.4,2.667,3.4,3.1,2.333,2.0,1.5,8.062,3.438,1.312,0.286,0.238,0.095,0.286,0.257,0.333,0.0,0.0,3.0,9.0,0.0,6.0,0.0,0.0,7.0,0.333,-3.333,4.2,6.0,3.188,1.0,13.824,1.0,0.0,1.0,4.502,2.079,0.972,8.75,9.0,0.513,1.316,0.741,0.875,0.333,1.6,0.0,0.0,2025-02-08,0.0,0.0,2.0,IND @ LAL,L,0.0,1.0,0.0,1.0,1.0,4.0,2.0,1630174.0,1610612754.0,Indiana Pacers,22400742.0,22024.0,1.0
Brandon Clarke,MEM,C,3600,18.0,40.0,18.896,20.0,21.6,20.4,1.0,4.222,0.207,1.0,0.0,0.0,4.0,0.4,0.1,0.1,17.2225,16.9,18.963,17.733,21.1,21.5,1.0,-0.42,6.664,8.0,9.4,9.5,5.333,5.0,5.0,0.667,0.6,1.0,7.854,5.021,0.958,0.227,0.318,0.045,0.227,0.409,0.333,0.0,0.75,1.0,3.0,0.0,0.0,3.0,4.0,-23.0,-1.045,-7.667,-6.0,-1.1,3.562,0.0,12.233,1.0,0.0,0.0,3.375,1.826,1.054,9.129,6.0,0.625,2.45,0.667,1.278,0.4,1.2,0.0,0.0,2025-02-08,1.0,0.0,3.0,MEM vs. OKC,L,1.0,0.0,1.0,1.0,3.0,4.0,1.0,1629634.0,1610612763.0,Memphis Grizzlies,22400746.0,22024.0,1.0
Ben Sheppard,IND,SG,3500,19.0,40.0,20.595,21.333,20.4,20.9,0.0,5.547,0.265,1.0,1.0,0.0,1.0,0.4,0.2,0.1,12.73,24.1,13.392,23.033,20.94,16.4,1.0,0.34,7.453,10.333,8.4,7.0,2.667,3.2,2.5,1.0,2.2,1.8,5.892,2.568,1.27,0.357,0.107,0.036,0.357,0.529,0.5,0.6,1.0,3.0,6.0,3.0,5.0,1.0,1.0,9.0,0.321,4.333,5.2,6.0,-0.054,1.0,8.589,1.0,1.0,1.0,4.619,1.434,1.687,11.667,7.0,0.855,0.789,0.37,1.167,0.433,0.5,0.0,0.0,2025-02-08,0.0,0.0,2.0,IND @ LAL,L,0.0,2.0,1.0,0.0,1.0,2.0,1.0,1641767.0,1610612754.0,Indiana Pacers,22400742.0,22024.0,1.0
Jaylen Wells,MEM,SG/SF,3500,20.0,40.0,25.827,18.333,23.2,24.7,0.0,6.464,0.262,0.0,0.0,0.0,0.0,0.8,0.6,0.1,12.8625,5.6,18.615,8.2,13.42,15.85,0.0,-1.8,6.721,3.667,5.6,8.3,2.667,2.6,2.5,0.667,1.8,1.9,11.135,3.173,1.692,0.167,0.25,0.0,0.167,0.197,0.25,0.0,0.0,1.0,4.0,0.0,2.0,0.0,0.0,-13.0,-1.083,-0.333,1.8,5.2,3.365,0.0,12.813,0.0,0.0,1.0,4.809,1.269,1.663,4.979,10.0,0.25,1.05,0.0,0.697,6.367,1.5,0.0,0.0,2025-02-08,1.0,0.0,3.0,MEM vs. OKC,L,0.0,0.0,0.0,0.0,3.0,0.0,3.0,1642377.0,1610612763.0,Memphis Grizzlies,22400746.0,22024.0,1.0
Ryan Dunn,PHX,SF/PF,3500,13.0,40.0,19.0,13.0,14.2,13.8,0.0,6.125,0.444,0.0,0.0,0.0,0.0,0.1,0.0,0.0,10.2225,11.9,14.93,10.833,8.76,9.5,0.0,0.74,4.92,5.333,3.6,3.8,3.333,3.8,3.0,0.333,0.4,1.0,6.787,3.426,0.915,0.615,0.154,0.077,0.615,0.399,0.429,0.4,0.0,3.0,7.0,2.0,5.0,0.0,0.0,-2.0,-0.154,-6.0,-8.2,-3.4,-1.617,0.0,9.021,0.0,1.0,0.0,2.53,1.491,1.054,5.462,7.0,0.914,0.558,0.48,0.655,0.8,0.4,0.0,0.0,2025-02-08,1.0,1.0,1.0,PHX vs. DEN,L,0.0,0.0,0.0,0.0,2.0,0.0,1.0,1642346.0,1610612756.0,Phoenix Suns,22400749.0,22024.0,1.0
Talen Horton-Tucker,CHI,SG/SF,3400,0.0,40.0,11.525,4.667,9.6,9.5,0.0,6.948,0.731,0.0,0.0,0.0,0.0,0.1,0.0,0.0,0.0,0.0,10.952,3.133,7.76,6.95,0.0,-0.24,8.049,1.333,4.8,4.6,0.667,0.8,1.0,0.667,1.2,0.9,5.85,1.7,1.325,0.0,0.0,0.0,0.0,0.167,0.0,0.0,0.0,0.0,0.0,0.0,0.0,0.0,0.0,-2.0,-1.0,-5.0,-6.8,-3.7,-0.3,0.0,7.689,0.0,0.0,0.0,6.467,0.943,1.197,0.826,12.0,0.0,0.0,0.0,0.099,4.833,0.1,0.0,0.0,2025-01-29,0.0,0.0,2.0,CHI @ BOS,L,0.0,0.0,0.0,0.0,0.0,0.0,0.0,1629659.0,1610612741.0,Chicago Bulls,22400666.0,22024.0,1.0
Isaiah Stewart,DET,C,3400,19.0,40.0,20.146,19.0,18.8,17.2,0.0,3.706,0.215,0.0,0.0,0.0,0.0,0.1,0.0,0.0,17.79,7.1,18.973,17.8,16.54,15.79,0.0,0.92,8.417,6.667,6.8,5.3,5.667,5.2,5.2,1.333,1.4,1.3,5.583,5.75,1.688,0.118,0.176,0.059,0.118,0.339,0.333,0.0,0.0,1.0,3.0,0.0,2.0,0.0,0.0,0.0,0.0,-3.333,-3.4,-1.6,-1.333,0.0,6.022,1.0,0.0,0.0,3.268,3.458,0.823,7.054,8.0,0.179,0.652,0.323,0.705,1.8,1.6,0.0,0.0,2025-02-09,1.0,0.0,2.0,DET vs. CHA,W,0.0,0.0,0.0,0.0,1.0,2.0,3.0,1630191.0,1610612765.0,Detroit Pistons,22400752.0,22024.0,1.0
Kevin Huerter,CHI,SG,3400,14.0,40.0,20.864,12.333,10.6,10.5,0.0,4.478,0.427,0.0,0.0,0.0,0.0,0.0,0.0,0.0,12.8,12.3,16.461,9.067,6.38,7.08,0.0,2.46,5.058,4.0,3.2,3.8,2.0,1.4,1.4,1.333,1.0,1.2,7.773,2.818,1.705,0.211,0.211,0.053,0.211,0.362,0.143,0.25,0.5,1.0,7.0,1.0,4.0,1.0,2.0,0.0,0.0,-6.0,-2.8,-4.9,-1.5,0.0,9.267,0.0,0.0,0.0,2.44,1.35,1.135,7.884,10.0,0.432,1.548,0.5,0.946,1.833,0.1,0.0,0.0,2025-02-08,1.0,0.0,7.0,CHI vs. GSW,L,0.0,1.0,0.0,1.0,1.0,3.0,2.0,1628989.0,1610612741.0,Chicago Bulls,22400745.0,22024.0,1.0
Marcus Sasser,DET,PG/SG,3300,0.0,40.0,14.244,16.333,16.6,15.1,1.0,5.685,0.377,1.0,1.0,0.0,1.0,0.1,0.1,0.0,0.0,20.5,12.212,12.433,14.32,12.98,1.0,2.56,7.113,3.667,4.6,5.5,1.333,1.6,1.4,3.667,4.0,3.2,5.854,1.244,2.317,0.321,0.0,0.179,0.321,0.174,0.333,0.4,0.5,3.0,9.0,2.0,5.0,1.0,2.0,8.0,0.286,-2.0,0.2,0.5,-0.512,1.0,8.541,0.0,1.0,1.0,3.894,1.174,1.619,11.618,8.0,0.792,0.0,1.719,1.278,1.233,1.5,0.0,0.0,2025-02-07,1.0,0.0,2.0,DET vs. PHI,W,0.0,2.0,0.0,2.0,0.0,0.0,4.0,1631204.0,1610612765.0,Detroit Pistons,22400738.0,22024.0,1.0
Jevon Carter,CHI,PG/SG,3300,5.0,40.0,7.08,11.0,9.8,7.4,1.0,6.022,0.814,0.0,0.0,0.0,0.0,0.1,0.0,0.0,4.33,2.7,6.664,9.367,9.08,6.83,1.0,-1.5,7.226,4.0,4.0,3.7,1.0,1.4,0.9,2.333,1.6,0.9,3.6,0.92,0.88,0.0,0.25,0.25,0.0,0.256,0.0,0.0,0.0,0.0,3.0,0.0,3.0,0.0,0.0,4.0,1.0,0.667,-0.2,1.8,1.68,0.0,4.022,1.0,1.0,1.0,3.466,1.287,1.853,1.66,11.0,0.0,0.387,0.5,0.199,3.6,2.4,0.0,0.0,2025-02-08,1.0,0.0,3.0,CHI vs. GSW,L,0.0,0.0,0.0,0.0,0.0,1.0,0.0,1628975.0,1610612741.0,Chicago Bulls,22400745.0,22024.0,1.0
Julian Phillips,CHI,PF,3300,5.0,40.0,12.863,9.0,9.2,9.2,0.0,4.492,0.488,0.0,0.0,0.0,0.0,0.0,0.0,0.0,3.4899999999999998,7.5,8.755,7.433,6.04,6.44,0.0,0.3,3.248,3.333,3.0,2.9,1.333,1.2,1.7,0.333,0.4,0.4,4.235,1.961,0.412,0.75,0.0,0.25,0.75,0.567,1.0,1.0,0.0,1.0,1.0,1.0,1.0,0.0,0.0,4.0,1.0,-1.667,0.4,-0.9,-1.118,1.0,8.089,0.0,0.0,0.0,1.524,2.003,0.699,1.66,12.0,0.324,0.0,0.5,0.199,0.2,0.0,0.0,0.0,2025-02-08,1.0,0.0,3.0,CHI vs. GSW,L,0.0,1.0,0.0,0.0,0.0,0.0,0.0,1641763.0,1610612741.0,Chicago Bulls,22400745.0,22024.0,1.0
Jarace Walker,IND,SF/PF,3300,0.0,40.0,16.755,14.333,13.8,15.2,0.0,6.233,0.41,0.0,0.0,0.0,1.0,0.3,0.0,0.0,0.0,9.6,14.992,11.467,10.5,14.5,0.0,0.42,9.568,4.333,3.8,5.0,2.333,2.0,3.5,0.667,1.0,1.4,6.122,3.224,1.429,0.118,0.176,0.0,0.118,0.289,0.0,0.0,1.0,0.0,5.0,0.0,3.0,2.0,2.0,-7.0,-0.412,-4.667,-1.2,1.7,-2.816,1.0,11.116,0.0,0.0,0.0,3.559,3.408,0.843,7.083,10.0,0.171,0.789,0.0,0.708,0.867,1.4,0.0,0.0,2025-02-08,0.0,0.0,4.0,IND @ LAL,L,0.0,2.0,0.0,2.0,0.0,3.0,1.0,1641716.0,1610612754.0,Indiana Pacers,22400742.0,22024.0,1.0
TyTy Washington,PHX,PG,3300,10.0,40.0,9.8,8.667,9.8,9.8,0.0,8.408,0.858,1.0,0.0,0.0,1.0,0.2,0.0,0.0,7.807499999999999,14.8,7.0,6.6,7.0,7.0,0.0,1.95,5.783,2.333,3.0,3.0,1.333,1.0,1.0,1.333,1.2,1.2,3.0,1.0,1.2,0.333,0.19,0.095,0.333,0.111,0.375,0.0,0.5,3.0,8.0,0.0,3.0,1.0,2.0,-4.0,-0.19,-0.333,-1.0,-1.0,-1.0,0.0,8.888,0.0,0.0,0.0,4.123,1.732,0.837,8.824,8.0,0.8,1.116,0.96,1.059,1.133,0.0,0.0,0.0,2025-02-08,1.0,0.0,35.0,PHX vs. DEN,L,0.0,0.0,0.0,0.0,2.0,2.0,1.0,1631102.0,1610612756.0,Phoenix Suns,22400749.0,22024.0,1.0
Simone Fontecchio,DET,PF,3200,12.0,40.0,17.583,14.667,15.6,16.2,0.0,2.44,0.151,0.0,0.0,0.0,0.0,0.0,0.0,0.0,8.9925,8.1,11.954,10.767,10.82,12.54,0.0,-1.16,6.658,4.333,5.6,5.5,3.0,2.6,2.7,1.0,0.6,1.0,6.25,2.896,0.875,0.0,0.214,0.071,0.0,0.266,0.0,0.0,0.0,0.0,3.0,0.0,2.0,0.0,0.0,4.0,0.286,-1.667,-3.8,-3.3,-1.396,0.0,8.028,0.0,0.0,0.0,4.478,1.494,0.816,5.809,10.0,0.0,0.652,0.323,0.581,1.533,0.6,0.0,0.0,2025-02-09,1.0,0.0,2.0,DET vs. CHA,W,0.0,1.0,0.0,0.0,1.0,2.0,1.0,1631323.0,1610612765.0,Detroit Pistons,22400752.0,22024.0,1.0
Cam Payne,NYK,PG/SG,3200,10.0,40.0,14.348,14.333,12.2,12.1,0.0,3.604,0.298,0.0,0.0,0.0,1.0,0.0,0.0,0.0,8.925,16.7,14.598,14.633,12.04,13.56,0.0,-0.08,6.07,8.667,6.6,7.7,0.667,1.2,1.3,3.0,2.4,2.2,7.304,1.413,2.5,0.737,0.053,0.053,0.737,0.577,0.6,0.0,1.0,6.0,10.0,0.0,2.0,2.0,2.0,-13.0,-0.684,-3.333,-3.0,4.3,3.065,0.0,9.855,0.0,0.0,0.0,5.618,1.059,1.687,7.95,7.0,1.346,0.333,0.625,0.795,2.233,0.1,0.0,0.0,2025-02-08,1.0,0.0,4.0,NYK vs. BOS,L,0.0,0.0,0.0,0.0,0.0,1.0,0.0,1626166.0,1610612752.0,New York Knicks,22400748.0,22024.0,1.0
Damion Lee,PHX,SG,3200,8.0,40.0,6.733,9.667,7.8,5.6,1.0,4.427,0.791,0.0,0.0,0.0,1.0,0.0,0.0,0.0,6.209999999999999,10.0,5.907,7.033,7.06,5.71,1.0,1.06,4.655,5.667,4.8,4.0,1.0,0.8,0.8,0.333,0.2,0.3,3.667,0.867,0.533,0.688,0.0,0.0,0.688,0.529,0.429,0.5,0.75,3.0,7.0,2.0,4.0,3.0,4.0,2.0,0.125,0.667,0.2,0.2,0.467,0.0,2.251,1.0,0.0,0.0,3.771,0.789,0.483,6.723,10.0,1.257,0.0,0.0,0.807,4.067,2.2,0.0,0.0,2025-02-08,1.0,1.0,1.0,PHX vs. DEN,L,0.0,0.0,0.0,1.0,0.0,0.0,1.0,1627814.0,1610612756.0,Phoenix Suns,22400749.0,22024.0,1.0
Eric Gordon,PHI,SG,3200,10.0,40.0,19.692,15.0,19.2,24.3,0.0,9.334,0.384,0.0,0.0,0.0,0.0,0.7,0.6,0.2,6.272500000000001,1.5,12.941,9.067,13.88,17.46,1.0,-4.42,8.812,1.667,6.0,9.1,2.0,1.4,1.3,2.667,2.4,2.8,6.821,1.179,1.667,0.0,0.0,0.111,0.0,0.064,0.0,0.0,0.0,0.0,0.0,0.0,0.0,0.0,0.0,-12.0,-1.333,-4.333,-4.8,0.4,-1.846,0.0,11.787,0.0,1.0,1.0,5.626,1.337,1.549,3.75,9.0,0.0,0.0,0.393,0.413,9.3,5.1,0.0,0.0,2025-02-09,0.0,0.0,2.0,PHI @ MIL,L,0.0,0.0,0.0,0.0,0.0,0.0,0.0,201569.0,1610612755.0,Philadelphia 76ers,22400754.0,22024.0,2.0
Jamison Battle,TOR,SF,3200,12.0,40.0,12.73,14.333,9.4,9.6,0.0,6.835,0.712,0.0,0.0,0.0,3.0,0.0,0.0,0.0,8.382500000000002,0.0,9.249,7.767,4.9,6.59,0.0,-0.78,6.745,4.667,2.8,3.7,1.333,1.0,1.2,0.333,0.2,0.7,5.405,1.784,0.865,0.0,0.0,0.0,0.0,0.316,0.0,0.0,0.0,0.0,3.0,0.0,2.0,0.0,0.0,-12.0,-0.857,-9.333,-6.8,-6.0,-3.108,0.0,8.246,0.0,0.0,0.0,4.398,1.135,1.059,5.882,10.0,0.0,0.0,0.0,0.588,4.733,0.2,0.0,0.0,2025-02-09,0.0,0.0,2.0,TOR @ HOU,L,0.0,0.0,0.0,0.0,0.0,0.0,2.0,1642419.0,1610612761.0,Toronto Raptors,22400753.0,22024.0,1.0
Ronald Holland,DET,SF,3100,14.0,40.0,15.509,16.0,15.8,14.6,1.0,2.675,0.183,0.0,0.0,0.0,0.0,0.0,0.0,0.0,12.097500000000002,19.4,12.285,14.1,14.68,14.25,1.0,0.76,5.203,7.0,7.0,6.4,1.333,1.4,2.5,1.667,1.6,1.1,6.377,2.698,0.849,0.643,0.143,0.143,0.643,0.439,0.444,0.167,0.0,4.0,9.0,1.0,6.0,0.0,0.0,-11.0,-0.786,-4.333,-3.0,-3.8,-1.887,0.0,8.574,1.0,0.0,1.0,3.373,1.581,0.738,5.809,9.0,0.804,0.435,0.645,0.581,1.4,1.2,0.0,0.0,2025-02-09,1.0,0.0,2.0,DET vs. CHA,W,0.0,2.0,0.0,1.0,0.0,2.0,0.0,1641842.0,1610612765.0,Detroit Pistons,22400752.0,22024.0,1.0
Vince Williams,MEM,SG/SF,3100,16.0,40.0,14.6,11.667,14.6,14.6,0.0,6.107,0.418,0.0,0.0,0.0,1.0,0.2,0.0,0.0,15.83,8.5,13.6,11.1,13.6,13.6,0.0,-1.275,7.622,5.0,5.4,5.4,3.0,3.0,3.0,1.0,2.4,2.4,5.4,3.0,2.4,0.467,0.0,0.067,0.467,0.449,0.333,0.5,0.8,1.0,3.0,1.0,2.0,4.0,5.0,10.0,0.667,10.667,8.4,8.4,8.4,0.0,6.025,0.0,0.0,0.0,2.51,2.345,2.074,6.224,11.0,0.875,0.0,0.667,0.871,2.933,0.0,0.0,0.0,2025-02-08,1.0,0.0,3.0,MEM vs. OKC,L,0.0,0.0,0.0,0.0,0.0,0.0,2.0,1631246.0,1610612763.0,Memphis Grizzlies,22400746.0,22024.0,1.0
Monte Morris,PHX,PG,3100,8.0,40.0,13.05,11.333,11.4,9.8,0.0,5.138,0.524,0.0,0.0,0.0,2.0,0.0,0.0,0.0,6.297499999999999,5.9,10.11,6.133,6.76,6.43,0.0,-0.52,4.627,2.667,3.0,2.5,0.667,0.8,0.9,1.333,1.2,1.5,4.85,1.425,1.65,0.0,0.143,0.071,0.0,0.311,0.0,0.0,0.0,0.0,5.0,0.0,2.0,0.0,0.0,-6.0,-0.429,0.0,0.4,-0.9,1.4,0.0,5.466,0.0,0.0,0.0,2.506,1.197,2.068,5.882,9.0,0.0,0.558,0.48,0.706,1.533,1.6,0.0,0.0,2025-02-08,1.0,1.0,1.0,PHX vs. DEN,L,0.0,1.0,0.0,1.0,0.0,2.0,1.0,1628420.0,1610612756.0,Phoenix Suns,22400749.0,22024.0,1.0
Jared Butler,PHI,PG,3100,0.0,40.0,11.333,11.667,10.8,14.5,0.0,6.133,0.423,0.0,0.0,0.0,0.0,0.2,0.0,0.0,0.0,9.9,12.852,7.7,9.3,19.36,0.0,-1.18,13.129,5.0,5.6,10.9,1.0,1.0,2.3,1.667,1.4,3.0,6.879,1.303,2.515,0.636,0.182,0.091,0.636,0.369,0.429,0.5,0.0,3.0,7.0,1.0,2.0,0.0,0.0,-13.0,-1.182,-7.0,-0.4,-1.6,-1.576,1.0,8.656,0.0,0.0,0.0,7.68,2.111,2.211,4.583,7.0,0.606,0.524,0.393,0.504,2.833,3.7,0.0,0.0,2025-02-09,0.0,0.0,10.0,PHI @ MIL,L,0.0,0.0,0.0,1.0,1.0,1.0,2.0,1630215.0,1610612755.0,Philadelphia 76ers,22400754.0,22024.0,2.0
Paul Reed,DET,C,3000,0.0,40.0,9.897,11.0,9.0,6.9,0.0,4.677,0.678,0.0,0.0,0.0,0.0,0.0,0.0,0.0,0.0,13.3,13.21,18.467,13.74,9.66,1.0,2.66,7.829,5.0,3.4,2.7,5.667,4.2,2.8,1.333,1.0,0.8,4.31,2.517,1.0,0.286,0.571,0.143,0.286,0.498,0.25,0.0,0.0,1.0,4.0,0.0,0.0,0.0,0.0,-3.0,-0.429,-3.0,-1.0,-0.1,1.345,0.0,5.384,0.0,1.0,0.0,2.669,2.53,0.789,2.905,10.0,0.176,0.786,0.344,0.32,4.1,2.1,0.0,0.0,2025-02-07,1.0,0.0,2.0,DET vs. PHI,W,0.0,1.0,1.0,1.0,2.0,2.0,3.0,1630194.0,1610612765.0,Detroit Pistons,22400738.0,22024.0,1.0
Zach Collins,CHI,C,3000,0.0,40.0,11.861,5.333,5.6,6.2,0.0,3.938,0.635,0.0,0.0,0.0,0.0,0.0,0.0,0.0,0.0,5.9,11.95,5.867,6.78,6.34,0.0,0.58,4.802,1.667,1.8,2.0,1.0,1.4,1.7,0.667,1.0,0.6,4.639,2.806,1.444,0.25,0.25,0.125,0.25,0.333,0.5,0.0,0.0,1.0,2.0,0.0,0.0,0.0,0.0,-2.0,-0.25,-1.0,-0.4,-2.3,-2.083,1.0,6.634,0.0,0.0,0.0,1.563,1.767,0.699,3.347,11.0,0.214,0.458,0.407,0.368,0.867,0.6,0.0,0.0,2025-02-01,1.0,1.0,1.0,SAS vs. MIA,L,0.0,0.0,0.0,0.0,1.0,1.0,2.0,1628380.0,1610612759.0,San Antonio Spurs,22400693.0,22024.0,1.0
EJ Liddell,CHI,C,3000,0.0,40.0,5.167,7.667,6.0,5.167,1.0,5.981,1.158,0.0,0.0,0.0,0.0,0.0,0.0,0.0,0.0,2.2,4.917,6.333,5.9,4.917,1.0,0.44,6.214,3.0,3.0,2.5,1.667,1.0,0.833,0.667,0.6,0.5,2.5,0.833,0.5,0.5,0.25,0.0,0.5,0.598,0.0,0.0,1.0,0.0,0.0,0.0,0.0,2.0,2.0,2.0,0.5,0.667,2.2,1.333,1.333,1.0,5.164,1.0,1.0,1.0,2.51,1.602,0.837,1.674,11.0,0.203,0.241,0.0,0.218,2.5,0.833,0.0,0.0,2024-12-02,1.0,0.0,5.0,CHI vs. BKN,W,0.0,0.0,0.0,1.0,0.0,1.0,0.0,1630604.0,1610612741.0,Chicago Bulls,22400317.0,22024.0,1.0
Emanuel Miller,CHI,PF,3000,0.0,40.0,0.0,0.0,0.0,0.0,0.0,0.0,0.0,0.0,0.0,0.0,0.0,0.0,0.0,0.0,0.0,0.0,0.0,0.0,0.0,0.0,0.0,0.0,0.0,0.0,0.0,0.0,0.0,0.0,0.0,0.0,0.0,0.0,0.0,0.0,0.0,0.0,0.0,0.0,0.0,0.0,0.0,0.0,0.0,0.0,0.0,0.0,0.0,0.0,0.0,0.0,0.0,0.0,0.0,0.0,0.0,0.0,0.0,0.0,0.0,0.0,0.0,0.0,0.0,0.0,0.0,0.0,0.0,0.0,0.0,0.0,0.0,0.0,0.0,,0.0,0.0,0.0,,,0.0,0.0,0.0,0.0,0.0,0.0,0.0,0.0,0.0,,0.0,0.0,0.0
Dalen Terry,CHI,SF,3000,4.0,40.0,12.521,8.333,10.2,11.0,0.0,4.028,0.366,0.0,0.0,0.0,0.0,0.0,0.0,0.0,2.73,7.0,8.719,10.633,12.48,10.34,1.0,1.06,6.84,6.333,6.8,4.9,0.667,1.4,1.7,1.667,2.0,1.6,3.854,1.458,1.188,1.75,0.0,0.0,1.75,0.923,1.0,0.0,0.6,2.0,2.0,0.0,0.0,3.0,5.0,4.0,1.0,-1.667,-0.6,-0.3,-2.938,1.0,8.247,1.0,0.0,1.0,4.254,2.003,1.265,1.66,9.0,0.757,0.0,0.0,0.199,2.667,0.8,0.0,0.0,2025-02-08,1.0,0.0,6.0,CHI vs. GSW,L,0.0,0.0,0.0,0.0,0.0,0.0,0.0,1631207.0,1610612741.0,Chicago Bulls,22400745.0,22024.0,1.0
Adama Sanogo,CHI,C,3000,0.0,0.0,5.5,4.333,5.5,5.5,0.0,4.041,0.735,0.0,0.0,0.0,2.0,0.0,0.0,0.0,0.0,6.8,3.925,3.0,3.925,3.925,0.0,0.958,3.384,1.333,2.0,2.0,1.667,1.5,1.5,0.0,0.25,0.25,2.0,1.5,0.25,0.25,0.5,0.0,0.25,0.325,0.5,0.0,0.0,1.0,2.0,0.0,0.0,0.0,0.0,2.0,0.25,0.333,-1.25,-1.25,-1.25,0.0,3.403,0.0,0.0,0.0,1.633,1.732,0.5,3.347,11.0,0.202,0.846,0.0,0.368,1.167,0.0,0.0,0.0,2024-12-13,1.0,0.0,32.0,CHI vs. CHA,W,0.0,0.0,0.0,0.0,3.0,1.0,0.0,1641766.0,1610612741.0,Chicago Bulls,22401212.0,22024.0,1.0
Daniss Jenkins,DET,PG,3000,0.0,40.0,2.0,2.333,2.0,2.0,0.0,1.826,0.913,0.0,0.0,0.0,0.0,0.0,0.0,0.0,0.0,0.0,-0.25,-0.333,-0.25,-0.25,0.0,0.083,0.5,0.0,0.0,0.0,0.0,0.0,0.0,0.0,0.0,0.0,0.0,0.0,0.0,0.0,0.0,0.0,0.0,0.0,0.0,0.0,0.0,0.0,0.0,0.0,0.0,0.0,0.0,0.0,0.0,-4.667,-3.5,-3.5,-3.5,0.0,4.359,0.0,0.0,0.0,0.0,0.0,0.0,0.0,11.0,0.0,0.0,0.0,0.0,0.333,0.0,0.0,0.0,2025-02-07,1.0,0.0,30.0,DET vs. PHI,W,0.0,0.0,0.0,0.0,0.0,0.0,0.0,1642450.0,1610612765.0,Detroit Pistons,22400738.0,22024.0,1.0
Ron Harper,DET,SF,3000,0.0,40.0,0.0,0.0,0.0,0.0,0.0,0.0,0.0,0.0,0.0,0.0,0.0,0.0,0.0,0.0,0.0,0.0,0.0,0.0,0.0,0.0,0.0,0.0,0.0,0.0,0.0,0.0,0.0,0.0,0.0,0.0,0.0,0.0,0.0,0.0,0.0,0.0,0.0,0.0,0.0,0.0,0.0,0.0,0.0,0.0,0.0,0.0,0.0,0.0,0.0,0.0,0.0,0.0,0.0,0.0,0.0,0.0,0.0,0.0,0.0,0.0,0.0,0.0,0.0,0.0,0.0,0.0,0.0,0.0,0.0,0.0,0.0,0.0,0.0,,0.0,0.0,0.0,,,0.0,0.0,0.0,0.0,0.0,0.0,0.0,0.0,0.0,,0.0,0.0,0.0
Bobi Klintman,DET,PF,3000,0.0,40.0,2.667,2.667,2.667,2.667,0.0,1.155,0.433,0.0,0.0,0.0,0.0,0.0,0.0,0.0,0.0,0.0,1.3,1.3,1.3,1.3,0.0,-0.65,1.212,0.0,0.0,0.0,0.667,0.667,0.667,0.333,0.333,0.333,0.0,0.667,0.333,0.0,0.0,0.0,0.0,0.0,0.0,0.0,0.0,0.0,2.0,0.0,1.0,0.0,0.0,-2.0,-1.0,-1.667,-1.667,-1.667,-1.667,0.0,5.508,0.0,0.0,0.0,0.0,1.155,0.577,0.83,12.0,0.0,0.0,0.0,0.1,0.0,0.0,0.0,0.0,2025-01-31,1.0,0.0,2.0,DET vs. DAL,W,0.0,0.0,0.0,0.0,0.0,0.0,0.0,1641752.0,1610612765.0,Detroit Pistons,22400680.0,22024.0,1.0
Tolu Smith,DET,C,3000,0.0,40.0,0.0,0.0,0.0,0.0,0.0,0.0,0.0,0.0,0.0,0.0,0.0,0.0,0.0,0.0,0.0,0.0,0.0,0.0,0.0,0.0,0.0,0.0,0.0,0.0,0.0,0.0,0.0,0.0,0.0,0.0,0.0,0.0,0.0,0.0,0.0,0.0,0.0,0.0,0.0,0.0,0.0,0.0,0.0,0.0,0.0,0.0,0.0,0.0,0.0,0.0,0.0,0.0,0.0,0.0,0.0,0.0,0.0,0.0,0.0,0.0,0.0,0.0,0.0,0.0,0.0,0.0,0.0,0.0,0.0,0.0,0.0,0.0,0.0,,0.0,0.0,0.0,,,0.0,0.0,0.0,0.0,0.0,0.0,0.0,0.0,0.0,,0.0,0.0,0.0
Lindy Waters,DET,PF,3000,0.0,40.0,17.289,4.667,9.4,15.4,0.0,9.732,0.632,0.0,0.0,0.0,0.0,0.2,0.1,0.1,0.0,4.2,12.268,3.7,6.98,9.55,0.0,0.84,6.889,1.0,2.4,4.4,1.0,1.4,2.5,0.333,1.0,0.7,5.5,2.526,1.105,0.0,0.167,0.0,0.0,0.167,0.0,0.0,0.0,0.0,3.0,0.0,2.0,0.0,0.0,-1.0,-0.167,0.333,-3.8,-3.8,-0.526,0.0,8.066,0.0,0.0,0.0,3.806,2.799,0.949,2.5,13.0,0.0,0.265,0.0,0.325,10.733,6.0,0.0,0.0,2025-01-31,1.0,0.0,6.0,GSW vs. PHX,L,0.0,1.0,0.0,0.0,0.0,1.0,0.0,1630322.0,1610612744.0,Golden State Warriors,22400685.0,22024.0,1.0
Jaden Ivey,DET,PG,3000,0.0,40.0,29.967,27.0,28.0,27.7,0.0,3.368,0.122,1.0,1.0,0.0,0.0,1.0,0.8,0.1,0.0,27.2,29.443,24.167,28.94,25.45,0.0,1.52,7.526,19.333,19.2,15.6,3.333,4.2,3.5,1.667,3.0,3.3,17.6,4.133,3.967,0.815,0.037,0.148,0.815,0.733,0.727,0.833,0.5,8.0,11.0,5.0,6.0,1.0,2.0,9.0,0.333,-3.0,0.4,-6.1,-2.067,1.0,11.2,1.0,1.0,0.0,4.6,2.068,2.359,11.25,4.0,2.095,0.204,1.6,1.125,0.7,0.3,0.0,0.0,2025-01-01,1.0,0.0,4.0,DET vs. ORL,W,0.0,1.0,0.0,5.0,0.0,1.0,0.0,1631093.0,1610612765.0,Detroit Pistons,22400455.0,22024.0,1.0
Landry Shamet,NYK,SG/SF,3000,0.0,40.0,10.15,6.667,7.4,7.6,0.0,3.169,0.417,0.0,0.0,0.0,0.0,0.0,0.0,0.0,0.0,10.5,5.775,4.9,4.88,4.29,0.0,-0.72,4.754,2.0,2.4,2.4,0.333,0.4,0.7,0.333,0.4,0.3,2.9,0.75,0.45,1.2,0.0,0.2,1.2,0.4,1.0,1.0,1.0,2.0,2.0,1.0,1.0,1.0,1.0,0.0,0.0,-7.0,-6.8,-0.2,1.05,0.0,10.064,0.0,0.0,0.0,3.406,0.949,0.483,2.092,10.0,0.577,0.0,0.625,0.209,0.933,0.2,0.0,0.0,2025-02-08,1.0,0.0,5.0,NYK vs. BOS,L,0.0,1.0,0.0,0.0,0.0,0.0,1.0,1629013.0,1610612752.0,New York Knicks,22400748.0,22024.0,1.0
RayJ Dennis,IND,PG,3000,0.0,40.0,1.833,2.333,1.8,1.833,0.0,0.753,0.411,0.0,0.0,0.0,3.0,0.0,0.0,0.0,0.0,3.0,2.35,3.367,3.02,2.35,1.0,0.8,3.147,1.0,1.0,0.833,1.0,0.6,0.5,0.333,0.2,0.167,0.833,0.5,0.167,1.5,0.0,0.0,1.5,0.5,1.0,1.0,0.0,1.0,1.0,1.0,1.0,0.0,0.0,-4.0,-2.0,0.0,1.2,0.167,0.167,1.0,5.307,1.0,1.0,1.0,1.329,0.837,0.408,0.83,10.0,0.271,0.0,0.0,0.1,0.5,0.033,0.0,0.0,2025-01-29,1.0,0.0,4.0,IND vs. DET,W,0.0,0.0,0.0,0.0,0.0,0.0,0.0,1642484.0,1610612754.0,Indiana Pacers,22400664.0,22024.0,1.0
James Johnson,IND,PF/C,3000,0.0,40.0,3.2,2.333,2.2,3.2,0.0,1.619,0.506,0.0,0.0,0.0,1.0,0.0,0.0,0.0,0.0,2.7,2.2,0.9,0.54,2.2,0.0,-0.86,2.62,0.0,0.0,0.8,0.333,0.2,0.5,0.333,0.2,0.4,0.8,0.5,0.4,0.0,0.25,0.25,0.0,0.0,0.0,0.0,0.0,0.0,1.0,0.0,1.0,0.0,0.0,-3.0,-0.75,-1.0,-1.8,-0.4,-0.4,0.0,3.565,0.0,0.0,0.0,1.398,0.85,0.516,1.646,13.0,0.0,0.359,0.56,0.23,0.867,1.0,0.0,0.0,2025-02-04,0.0,0.0,6.0,IND @ POR,L,0.0,0.0,0.0,0.0,0.0,1.0,0.0,201949.0,1610612754.0,Indiana Pacers,22400716.0,22024.0,1.0
Quenton Jackson,IND,PG/SG,3000,0.0,40.0,14.056,3.667,4.2,13.3,0.0,12.093,0.909,0.0,0.0,0.0,0.0,0.3,0.2,0.2,0.0,0.0,11.772,2.5,2.18,9.7,0.0,-1.4,10.148,1.0,1.0,4.1,0.0,0.4,1.5,1.0,0.6,1.6,5.667,1.5,1.722,0.0,0.0,0.0,0.0,0.111,0.0,0.0,0.0,0.0,0.0,0.0,0.0,0.0,0.0,0.0,0.0,-3.667,-4.2,-0.8,-2.5,0.0,11.114,0.0,0.0,0.0,4.654,1.841,1.776,0.418,10.0,0.0,0.0,0.0,0.05,9.633,9.1,0.0,0.0,2025-01-08,1.0,0.0,10.0,IND vs. CHI,W,0.0,0.0,0.0,0.0,0.0,0.0,0.0,1631245.0,1610612754.0,Indiana Pacers,22400510.0,22024.0,1.0
Johnny Furphy,IND,SG/SF,3000,0.0,40.0,7.344,4.0,3.6,2.7,0.0,1.636,0.606,0.0,0.0,0.0,0.0,0.0,0.0,0.0,0.0,0.0,4.722,1.667,1.48,1.18,0.0,0.0,1.273,0.667,0.4,0.4,0.0,0.4,0.4,0.0,0.0,0.0,1.938,1.031,0.281,0.0,0.0,0.0,0.0,0.167,0.0,0.0,0.0,0.0,0.0,0.0,0.0,0.0,0.0,-3.0,-0.75,-0.333,-0.2,-0.7,-0.875,1.0,4.244,0.0,0.0,0.0,0.843,0.843,0.0,1.646,14.0,0.0,0.0,0.0,0.23,1.3,0.9,0.0,0.0,2025-02-04,0.0,0.0,6.0,IND @ POR,L,0.0,0.0,0.0,0.0,0.0,0.0,1.0,1642277.0,1610612754.0,Indiana Pacers,22400716.0,22024.0,1.0
Enrique Freeman,IND,PF/C,3000,0.0,40.0,7.316,8.667,6.6,5.0,0.0,4.028,0.806,0.0,0.0,0.0,0.0,0.0,0.0,0.0,0.0,2.7,3.884,6.133,4.72,3.33,1.0,0.74,3.293,2.667,2.4,1.7,2.333,1.6,0.9,0.667,0.4,0.3,1.684,1.0,0.421,0.0,0.25,0.25,0.0,0.236,0.0,0.0,0.0,0.0,0.0,0.0,0.0,0.0,0.0,-3.0,-0.75,-5.0,-4.2,-5.0,-2.737,0.0,4.522,1.0,1.0,0.0,1.889,1.287,0.483,1.646,12.0,0.0,0.359,0.56,0.23,3.667,1.6,0.0,0.0,2025-02-04,0.0,0.0,27.0,IND @ POR,L,0.0,0.0,0.0,0.0,1.0,0.0,1.0,1642402.0,1610612754.0,Indiana Pacers,22400716.0,22024.0,1.0
Isaiah Jackson,IND,C,3000,0.0,40.0,16.8,21.0,16.8,16.8,0.0,7.328,0.436,0.0,0.0,0.0,0.0,0.4,0.0,0.0,0.0,20.1,20.82,26.3,20.82,20.82,0.0,-0.18,10.049,7.667,7.0,7.0,7.333,5.6,5.6,1.0,1.0,1.0,7.0,5.6,1.0,0.375,0.5,0.062,0.375,0.364,1.0,0.0,0.0,3.0,3.0,0.0,0.0,0.0,2.0,7.0,0.438,7.0,2.0,2.0,2.0,0.0,6.892,0.0,0.0,0.0,3.317,3.13,1.0,6.639,5.0,0.508,2.051,0.286,0.664,4.2,0.0,0.0,0.0,2024-11-01,0.0,0.0,2.0,IND @ NOP,L,0.0,0.0,1.0,0.0,0.0,8.0,1.0,1630543.0,1610612754.0,Indiana Pacers,22400138.0,22024.0,1.0
Delon Wright,NYK,PG,3000,0.0,40.0,15.074,10.333,8.4,13.2,0.0,7.772,0.589,0.0,0.0,0.0,0.0,0.2,0.1,0.0,0.0,0.0,10.156,8.7,7.56,10.35,0.0,-1.9,7.025,0.333,0.8,2.3,1.0,0.8,1.5,1.667,1.2,1.9,2.407,1.704,1.778,0.0,0.0,0.0,0.0,0.016,0.0,0.0,0.0,0.0,0.0,0.0,0.0,0.0,0.0,8.0,2.667,2.0,-1.4,4.0,0.593,0.0,10.011,0.0,0.0,0.0,3.02,1.509,1.912,1.255,8.0,0.0,0.0,0.0,0.126,2.867,4.8,0.0,0.0,2025-02-08,1.0,0.0,5.0,NYK vs. BOS,L,0.0,0.0,0.0,0.0,0.0,0.0,0.0,1626153.0,1610612752.0,New York Knicks,22400748.0,22024.0,1.0
Matt Ryan,NYK,SG/SF,3000,0.0,40.0,3.647,2.0,2.2,2.2,0.0,0.789,0.359,0.0,0.0,0.0,0.0,0.0,0.0,0.0,0.0,0.0,2.229,2.3,3.86,2.87,1.0,0.0,3.434,0.0,2.0,1.4,0.667,0.8,0.6,0.333,0.2,0.1,1.471,0.412,0.059,0.0,0.0,0.0,0.0,0.0,0.0,0.0,0.0,0.0,1.0,0.0,0.0,0.0,0.0,0.0,0.0,1.667,2.6,0.5,-1.824,1.0,5.104,1.0,1.0,1.0,2.675,0.516,0.316,0.833,12.0,0.0,0.0,0.0,0.117,0.2,0.0,0.0,0.0,2025-02-01,1.0,0.0,5.0,NYK vs. LAL,L,0.0,0.0,0.0,0.0,0.0,0.0,0.0,1630346.0,1610612752.0,New York Knicks,22400692.0,22024.0,1.0
Jacob Toppin,NYK,PF,3000,0.0,40.0,3.062,3.0,4.0,2.9,1.0,1.595,0.55,0.0,0.0,0.0,0.0,0.0,0.0,0.0,0.0,1.2,1.825,1.8,3.24,2.16,1.0,0.0,2.178,0.0,0.8,0.4,0.667,1.2,0.8,0.0,0.0,0.2,0.375,0.688,0.25,0.0,0.5,0.0,0.0,0.0,0.0,0.0,0.0,0.0,1.0,0.0,0.0,0.0,0.0,0.0,0.0,2.0,1.4,-0.4,-1.062,1.0,4.789,1.0,1.0,0.0,0.843,0.919,0.632,0.833,14.0,0.0,0.318,0.0,0.117,0.1,1.1,0.0,0.0,2025-02-01,1.0,0.0,5.0,NYK vs. LAL,L,0.0,0.0,0.0,0.0,0.0,1.0,0.0,1631210.0,1610612752.0,New York Knicks,22400692.0,22024.0,1.0
Tyler Kolek,NYK,PG,3000,0.0,40.0,5.179,2.667,2.4,3.2,0.0,3.19,0.997,0.0,0.0,0.0,0.0,0.0,0.0,0.0,0.0,0.5,4.25,2.667,2.68,2.81,0.0,-1.2,3.719,1.0,0.6,0.7,0.0,0.4,0.3,1.333,1.2,1.1,1.893,0.536,0.786,0.0,0.0,0.5,0.0,0.25,0.0,0.0,0.0,0.0,0.0,0.0,0.0,0.0,0.0,0.0,0.0,0.667,1.0,1.1,-0.286,1.0,5.934,0.0,0.0,1.0,1.16,0.483,1.449,0.833,13.0,0.0,0.0,0.424,0.117,0.533,0.8,0.0,0.0,2025-02-01,1.0,0.0,5.0,NYK vs. LAL,L,0.0,0.0,0.0,1.0,0.0,0.0,0.0,1642278.0,1610612752.0,New York Knicks,22400692.0,22024.0,1.0
Ariel Hukporti,NYK,C,3000,0.0,40.0,7.8,11.667,7.8,7.5,0.0,6.311,0.842,0.0,0.0,0.0,3.0,0.0,0.0,0.0,0.0,2.8,5.79,7.733,5.44,6.02,0.0,0.56,5.242,2.0,2.0,2.2,3.667,2.2,2.1,0.667,0.4,0.4,1.7,1.95,0.4,0.0,0.5,0.0,0.0,0.105,0.0,0.0,0.0,0.0,2.0,0.0,0.0,0.0,0.0,4.0,0.5,-0.667,0.6,-0.8,-2.1,1.0,7.345,1.0,1.0,0.0,3.011,1.792,0.843,3.347,9.0,0.0,1.333,0.0,0.335,4.167,0.3,0.0,0.0,2025-02-08,1.0,0.0,4.0,NYK vs. BOS,L,0.0,0.0,0.0,2.0,2.0,2.0,2.0,1630574.0,1610612752.0,New York Knicks,22400748.0,22024.0,1.0
Kevin McCullar,NYK,SF,3000,0.0,40.0,0.0,0.0,0.0,0.0,0.0,0.0,0.0,0.0,0.0,0.0,0.0,0.0,0.0,0.0,0.0,0.0,0.0,0.0,0.0,0.0,0.0,0.0,0.0,0.0,0.0,0.0,0.0,0.0,0.0,0.0,0.0,0.0,0.0,0.0,0.0,0.0,0.0,0.0,0.0,0.0,0.0,0.0,0.0,0.0,0.0,0.0,0.0,0.0,0.0,0.0,0.0,0.0,0.0,0.0,0.0,0.0,0.0,0.0,0.0,0.0,0.0,0.0,0.0,0.0,0.0,0.0,0.0,0.0,0.0,0.0,0.0,0.0,0.0,,0.0,0.0,0.0,,,0.0,0.0,0.0,0.0,0.0,0.0,0.0,0.0,0.0,,0.0,0.0,0.0
Pacome Dadiet,NYK,SG/SF,3000,0.0,0.0,6.385,3.0,2.8,6.1,0.0,5.507,0.903,0.0,0.0,0.0,0.0,0.0,0.0,0.0,0.0,0.0,3.854,0.5,0.54,4.25,0.0,0.0,6.288,0.0,0.0,1.4,0.0,0.2,1.0,0.333,0.2,0.5,1.462,1.0,0.385,0.0,0.0,0.0,0.0,0.0,0.0,0.0,0.0,0.0,0.0,0.0,0.0,0.0,0.0,-2.0,-2.0,-5.667,-3.4,-0.8,-0.077,0.0,5.35,0.0,0.0,0.0,3.098,1.414,0.707,0.415,10.0,0.0,0.0,0.0,0.046,3.1,3.3,0.0,0.0,2025-01-17,1.0,0.0,29.0,NYK vs. MIN,L,0.0,0.0,0.0,0.0,0.0,0.0,0.0,1642359.0,1610612752.0,New York Knicks,22400578.0,22024.0,1.0
John Konchar,MEM,SG/SF,3000,0.0,40.0,13.25,5.667,7.4,13.5,0.0,11.297,0.837,0.0,0.0,0.0,0.0,0.3,0.1,0.1,0.0,0.0,10.982,4.167,5.26,9.69,0.0,-1.96,11.266,0.667,1.0,2.2,1.667,1.8,4.2,1.0,0.6,0.9,2.607,3.75,1.036,0.0,0.0,0.0,0.0,0.056,0.0,0.0,0.0,0.0,0.0,0.0,0.0,0.0,0.0,0.0,0.0,4.0,2.2,0.5,0.071,1.0,3.567,0.0,0.0,0.0,2.658,4.686,1.524,0.415,12.0,0.0,0.0,0.0,0.058,7.833,6.1,0.0,0.0,2025-02-08,1.0,0.0,3.0,MEM vs. OKC,L,0.0,0.0,0.0,0.0,0.0,0.0,0.0,1629723.0,1610612763.0,Memphis Grizzlies,22400746.0,22024.0,1.0
Collin Gillespie,PHX,PG,3000,0.0,40.0,4.0,6.0,4.4,4.0,1.0,2.449,0.612,0.0,0.0,0.0,4.0,0.0,0.0,0.0,0.0,11.7,5.457,9.6,6.4,5.457,1.0,1.7,4.273,3.667,2.6,2.571,1.333,1.0,0.857,1.333,0.8,0.571,2.571,0.857,0.571,1.0,0.2,0.2,1.0,0.583,0.667,0.5,0.0,2.0,3.0,1.0,2.0,0.0,0.0,4.0,0.8,1.0,0.4,-0.143,-0.143,1.0,2.268,1.0,1.0,1.0,2.299,0.69,0.787,2.101,12.0,0.571,0.279,0.48,0.252,2.0,0.4,0.0,0.0,2025-02-08,1.0,0.0,3.0,PHX vs. DEN,L,0.0,2.0,0.0,2.0,0.0,1.0,0.0,1631221.0,1610612756.0,Phoenix Suns,22400749.0,22024.0,1.0
Oso Ighodaro,PHX,PF/C,3000,0.0,40.0,14.683,6.0,4.6,8.5,0.0,6.57,0.773,0.0,0.0,0.0,0.0,0.1,0.0,0.0,0.0,2.7,10.668,6.767,5.4,5.55,0.0,0.0,5.456,2.0,1.6,1.3,1.333,1.0,1.5,1.0,0.8,0.9,3.488,3.22,0.976,0.0,0.2,0.2,0.0,0.3,0.0,0.0,0.0,0.0,0.0,0.0,0.0,0.0,0.0,4.0,0.8,1.0,0.2,-2.5,0.0,1.0,4.601,0.0,0.0,0.0,1.636,1.65,0.738,2.101,11.0,0.0,0.279,0.48,0.252,2.5,3.9,0.0,0.0,2025-02-08,1.0,0.0,3.0,PHX vs. DEN,L,0.0,0.0,0.0,0.0,0.0,1.0,0.0,1642345.0,1610612756.0,Phoenix Suns,22400749.0,22024.0,1.0
Jalen Bridges,PHX,SF,3000,0.0,40.0,5.0,4.667,5.0,5.0,0.0,2.55,0.51,0.0,0.0,0.0,1.0,0.0,0.0,0.0,0.0,1.0,0.72,1.133,0.72,0.72,0.0,0.07,1.285,1.0,0.8,0.8,0.667,0.6,0.6,0.0,0.0,0.0,0.8,0.6,0.0,0.375,0.0,0.0,0.375,0.125,1.0,1.0,0.0,1.0,1.0,1.0,1.0,0.0,0.0,-2.0,-0.25,-1.667,0.0,0.0,0.0,0.0,5.148,0.0,0.0,0.0,1.304,0.894,0.0,3.361,13.0,0.358,0.0,0.0,0.437,0.333,0.0,0.0,0.0,2025-02-05,0.0,0.0,40.0,PHX @ OKC,L,0.0,0.0,0.0,2.0,0.0,0.0,0.0,1641779.0,1610612756.0,Phoenix Suns,22400724.0,22024.0,1.0
Zyon Pullin,MEM,PG,3000,0.0,40.0,1.0,1.0,1.0,1.0,0.0,0.0,0.0,0.0,0.0,0.0,0.0,0.0,0.0,0.0,0.0,0.0,0.0,0.0,0.0,0.0,0.0,0.0,0.0,0.0,0.0,0.0,0.0,0.0,0.0,0.0,0.0,0.0,0.0,0.0,0.0,0.0,0.0,0.0,0.0,0.0,0.0,0.0,0.0,0.0,0.0,0.0,0.0,0.0,0.0,0.0,0.0,0.0,0.0,0.0,0.0,0.0,0.0,0.0,0.0,0.0,0.0,0.0,0.0,0.415,14.0,0.0,0.0,0.0,0.058,0.0,0.0,0.0,0.0,2025-02-08,1.0,0.0,5.0,MEM vs. OKC,L,0.0,0.0,0.0,0.0,0.0,0.0,0.0,1642389.0,1610612763.0,Memphis Grizzlies,22400746.0,22024.0,1.0
Yuki Kawamura,MEM,PG,3000,0.0,40.0,3.211,2.667,4.2,3.5,1.0,2.953,0.844,0.0,0.0,0.0,1.0,0.0,0.0,0.0,0.0,1.5,2.758,1.4,5.0,3.6,1.0,0.0,5.471,0.0,2.0,1.6,0.333,1.0,0.5,0.667,1.2,0.8,1.263,0.368,0.737,0.0,0.0,0.25,0.0,0.0,0.0,0.0,0.0,0.0,1.0,0.0,1.0,0.0,0.0,3.0,0.75,-0.333,1.0,0.2,-0.053,1.0,2.53,1.0,1.0,1.0,3.239,0.972,0.919,1.667,15.0,0.0,0.0,0.682,0.25,0.833,0.7,0.0,0.0,2025-02-05,0.0,0.0,2.0,MEM @ TOR,W,0.0,0.0,0.0,0.0,0.0,0.0,0.0,1642530.0,1610612763.0,Memphis Grizzlies,22400722.0,22024.0,1.0
Jay Huff,MEM,C,3000,0.0,40.0,12.667,2.0,2.6,4.7,0.0,3.498,0.744,0.0,0.0,0.0,0.0,0.0,0.0,0.0,0.0,0.0,13.936,1.4,2.28,5.75,0.0,-0.64,5.708,1.0,1.2,3.4,0.333,0.4,1.0,0.0,0.4,0.3,7.578,2.178,0.644,0.0,0.0,0.0,0.0,0.25,0.0,0.0,0.0,0.0,0.0,0.0,0.0,0.0,0.0,0.0,0.0,1.0,-0.2,-1.8,-0.6,1.0,3.011,0.0,0.0,0.0,4.812,0.943,0.483,0.415,13.0,0.0,0.0,0.0,0.058,2.7,2.1,0.0,0.0,2025-02-08,1.0,0.0,3.0,MEM vs. OKC,L,0.0,0.0,0.0,0.0,0.0,0.0,0.0,1630643.0,1610612763.0,Memphis Grizzlies,22400746.0,22024.0,1.0
Cam Spencer,MEM,PG,3000,0.0,0.0,12.0,13.0,12.8,12.0,1.0,7.424,0.619,0.0,0.0,0.0,0.0,0.2,0.0,0.0,0.0,4.5,9.14,10.167,9.7,9.14,1.0,0.9,9.1,4.0,3.8,4.0,1.667,2.0,1.7,1.667,1.8,1.6,4.0,1.7,1.6,0.3,0.0,0.1,0.3,0.321,0.333,0.333,0.0,1.0,3.0,1.0,3.0,0.0,0.0,-2.0,-0.2,3.333,2.0,2.3,2.3,0.0,5.438,0.0,1.0,1.0,4.422,1.889,1.838,4.184,10.0,0.277,0.0,0.458,0.46,1.0,0.8,0.0,0.0,2025-01-06,1.0,0.0,2.0,MEM vs. DAL,W,0.0,0.0,0.0,0.0,0.0,0.0,1.0,1642285.0,1610612763.0,Memphis Grizzlies,22400499.0,22024.0,1.0
Johnny Davis,MEM,PG,3000,0.0,0.0,7.059,6.667,5.6,4.5,0.0,2.991,0.665,0.0,0.0,0.0,0.0,0.0,0.0,0.0,0.0,0.0,5.826,2.7,4.04,2.92,0.0,0.0,3.544,0.667,1.2,1.3,1.0,1.2,0.6,0.333,0.4,0.2,2.353,1.118,0.324,0.0,0.0,0.0,0.0,0.067,0.0,0.0,0.0,0.0,0.0,0.0,0.0,0.0,0.0,-5.0,-2.5,-3.333,-1.2,-1.7,-0.765,0.0,3.433,0.0,1.0,1.0,1.636,0.843,0.422,0.833,10.0,0.0,0.0,0.0,0.092,2.167,1.1,0.0,0.0,2025-02-05,0.0,0.0,6.0,WAS @ BKN,W,0.0,0.0,0.0,0.0,0.0,0.0,0.0,1631098.0,1610612764.0,Washington Wizards,22400720.0,22024.0,1.0
Ricky Council IV,PHI,SF/PF,3000,0.0,40.0,14.659,2.667,12.6,15.6,0.0,11.217,0.719,0.0,0.0,0.0,0.0,0.2,0.2,0.1,0.0,0.0,12.252,2.5,11.76,14.99,0.0,-3.78,11.942,1.0,4.4,7.3,0.0,1.8,2.2,0.333,2.4,1.9,6.5,2.341,1.114,0.0,0.0,0.0,0.0,0.5,0.0,0.0,0.0,0.0,0.0,0.0,0.0,0.0,0.0,1.0,1.0,3.667,0.8,1.5,-1.682,1.0,11.287,0.0,0.0,1.0,5.376,2.741,2.424,0.417,10.0,0.0,0.0,0.0,0.046,12.933,3.0,0.0,0.0,2025-02-09,0.0,0.0,2.0,PHI @ MIL,L,0.0,0.0,0.0,0.0,0.0,0.0,0.0,1641741.0,1610612755.0,Philadelphia 76ers,22400754.0,22024.0,2.0
Adem Bona,PHI,C,3000,0.0,40.0,11.028,12.333,12.2,14.5,1.0,4.378,0.302,0.0,0.0,0.0,0.0,0.0,0.0,0.0,0.0,5.2,9.025,10.967,10.22,12.71,1.0,-1.54,5.743,5.0,3.8,3.9,2.333,2.6,3.8,0.333,0.2,0.5,3.0,2.833,0.306,0.182,0.091,0.0,0.182,0.348,1.0,0.0,0.0,1.0,1.0,0.0,0.0,0.0,0.0,-1.0,-0.091,3.0,1.2,0.1,-0.806,1.0,7.34,1.0,0.0,0.0,2.726,2.486,0.527,4.564,11.0,0.214,0.316,0.0,0.548,2.167,2.3,0.0,0.0,2025-02-07,0.0,0.0,2.0,PHI @ DET,L,0.0,0.0,1.0,1.0,0.0,1.0,3.0,1641737.0,1610612755.0,Philadelphia 76ers,22400738.0,22024.0,1.0
Kyle Lowry,PHI,PG/SG,3000,0.0,0.0,18.939,11.667,14.0,16.1,0.0,5.99,0.372,0.0,0.0,0.0,0.0,0.2,0.1,0.0,0.0,2.7,13.742,8.667,10.96,13.71,0.0,-5.66,7.922,1.667,2.8,3.6,1.667,1.8,2.3,2.667,2.8,2.9,4.03,1.97,2.818,0.0,0.167,0.167,0.0,0.116,0.0,0.0,0.0,0.0,0.0,0.0,0.0,0.0,0.0,-4.0,-0.667,-0.667,-2.4,2.6,-1.697,0.0,12.322,0.0,0.0,0.0,3.806,1.636,2.283,2.5,11.0,0.0,0.262,0.393,0.275,4.433,2.1,0.0,0.0,2025-02-09,0.0,0.0,2.0,PHI @ MIL,L,0.0,0.0,0.0,0.0,0.0,1.0,0.0,200768.0,1610612755.0,Philadelphia 76ers,22400754.0,22024.0,2.0
Chuma Okeke,PHI,SF/PF,3000,0.0,40.0,2.0,2.0,2.0,2.0,0.0,0.0,0.0,0.0,0.0,0.0,0.0,0.0,0.0,0.0,0.0,1.2,1.2,1.2,1.2,1.2,0.0,0.0,0.0,0.0,0.0,0.0,1.0,1.0,1.0,0.0,0.0,0.0,0.0,1.0,0.0,0.0,0.5,0.0,0.0,0.0,0.0,0.0,0.0,0.0,0.0,0.0,0.0,0.0,0.0,6.0,3.0,6.0,6.0,6.0,6.0,0.0,0.0,0.0,0.0,0.0,0.0,0.0,0.0,0.83,12.0,0.0,0.316,0.0,0.1,0.0,0.0,0.0,0.0,2025-02-07,0.0,0.0,0.0,PHI @ DET,L,0.0,0.0,0.0,0.0,0.0,1.0,0.0,1629643.0,1610612755.0,Philadelphia 76ers,22400738.0,22024.0,1.0
Jeff Dowtin,PHI,PG,3000,0.0,40.0,11.043,9.333,10.6,12.8,0.0,8.6,0.672,0.0,0.0,0.0,0.0,0.2,0.1,0.0,0.0,0.0,8.561,4.567,7.2,11.18,0.0,-3.84,12.078,1.667,2.4,4.5,0.333,1.0,1.4,1.0,1.6,2.0,3.565,1.174,1.435,0.0,0.0,0.0,0.0,0.104,0.0,0.0,0.0,0.0,1.0,0.0,1.0,0.0,0.0,-17.0,-2.125,-11.667,-9.6,-6.7,-3.783,0.0,4.739,0.0,0.0,1.0,5.421,1.713,2.309,3.32,8.0,0.0,0.0,0.0,0.299,3.467,2.2,0.0,0.0,2025-02-04,1.0,0.0,7.0,PHI vs. DAL,W,0.0,0.0,0.0,0.0,0.0,0.0,0.0,1630288.0,1610612755.0,Philadelphia 76ers,22400712.0,22024.0,1.0
Jared McCain,PHI,PG,3000,0.0,40.0,25.826,26.0,27.8,31.7,1.0,7.675,0.242,1.0,1.0,0.0,2.0,1.0,0.8,0.4,0.0,8.7,22.487,14.367,20.24,22.81,0.0,-0.22,11.251,7.667,12.8,15.4,1.0,2.2,2.8,3.0,2.8,2.7,15.304,2.435,2.609,0.172,0.034,0.103,0.172,0.3,0.333,0.5,0.0,2.0,6.0,1.0,2.0,0.0,0.0,-10.0,-0.345,3.333,4.6,1.1,-1.174,1.0,9.267,0.0,0.0,1.0,8.072,2.53,1.494,12.083,5.0,0.467,0.213,1.667,1.208,5.7,3.9,0.0,0.0,2024-12-13,1.0,0.0,5.0,PHI vs. IND,L,0.0,0.0,0.0,2.0,0.0,1.0,5.0,1642272.0,1610612755.0,Philadelphia 76ers,22401209.0,22024.0,1.0
Garrett Temple,TOR,SG,3000,0.0,40.0,3.882,4.0,3.2,3.7,0.0,1.567,0.424,0.0,0.0,0.0,0.0,0.0,0.0,0.0,0.0,5.0,3.5,3.667,2.84,2.82,0.0,-0.6,2.665,0.667,0.8,0.6,0.0,0.2,0.6,0.667,0.4,0.6,0.647,0.588,0.647,0.667,0.0,0.667,0.667,0.222,1.0,0.0,0.0,1.0,1.0,0.0,0.0,0.0,0.0,3.0,1.0,-2.333,-2.6,-0.8,-0.176,0.0,5.007,1.0,0.0,0.0,0.966,1.075,0.843,1.255,11.0,0.208,0.0,0.815,0.138,0.3,0.5,0.0,0.0,2025-01-31,1.0,0.0,2.0,TOR vs. CHI,L,0.0,0.0,0.0,0.0,0.0,0.0,0.0,202066.0,1610612761.0,Toronto Raptors,22400682.0,22024.0,1.0
Ulrich Chomche,TOR,C,3000,0.0,40.0,3.5,2.333,3.2,3.5,0.0,1.975,0.564,0.0,0.0,0.0,0.0,0.0,0.0,0.0,0.0,4.9,2.2,2.3,2.0,2.2,0.0,0.34,1.879,1.0,0.6,0.833,0.667,1.0,1.0,0.333,0.4,0.333,0.833,1.0,0.333,1.0,2.0,1.0,1.0,0.467,0.0,0.0,0.5,0.0,0.0,0.0,0.0,1.0,2.0,-3.0,-3.0,-3.667,-1.6,-2.0,-2.0,1.0,4.0,0.0,0.0,1.0,0.983,0.894,0.516,0.42,15.0,0.138,0.714,0.517,0.063,1.167,0.3,0.0,0.0,2025-01-21,1.0,0.0,20.0,TOR vs. ORL,W,0.0,0.0,0.0,0.0,1.0,1.0,0.0,1642279.0,1610612761.0,Toronto Raptors,22400608.0,22024.0,1.0
AJ Lawson,TOR,PG/SG,3000,0.0,40.0,3.5,3.333,3.5,3.5,0.0,1.732,0.495,0.0,0.0,0.0,0.0,0.0,0.0,0.0,0.0,2.0,3.65,3.867,3.65,3.65,0.0,-0.55,3.251,2.667,2.75,2.75,1.0,0.75,0.75,0.0,0.0,0.0,2.75,0.75,0.0,2.0,0.0,0.0,2.0,1.067,1.0,0.0,0.0,1.0,1.0,0.0,0.0,0.0,1.0,-3.0,-3.0,-5.0,-2.5,-2.5,-2.5,0.0,5.447,0.0,0.0,0.0,2.5,0.957,0.0,0.42,14.0,0.275,0.0,0.0,0.063,0.167,0.0,0.0,0.0,2025-01-21,1.0,0.0,21.0,TOR vs. ORL,W,0.0,0.0,0.0,0.0,0.0,0.0,0.0,1630639.0,1610612761.0,Toronto Raptors,22400608.0,22024.0,1.0
PJ Tucker,TOR,C,3000,0.0,0.0,0.0,0.0,0.0,0.0,0.0,0.0,0.0,0.0,0.0,0.0,0.0,0.0,0.0,0.0,0.0,0.0,0.0,0.0,0.0,0.0,0.0,0.0,0.0,0.0,0.0,0.0,0.0,0.0,0.0,0.0,0.0,0.0,0.0,0.0,0.0,0.0,0.0,0.0,0.0,0.0,0.0,0.0,0.0,0.0,0.0,0.0,0.0,0.0,0.0,0.0,0.0,0.0,0.0,0.0,0.0,0.0,0.0,0.0,0.0,0.0,0.0,0.0,0.0,0.0,0.0,0.0,0.0,0.0,0.0,0.0,0.0,0.0,0.0,,0.0,0.0,0.0,,,0.0,0.0,0.0,0.0,0.0,0.0,0.0,0.0,0.0,,0.0,0.0,0.0
